"LAB0001","LC","1689","0","0","0","0","GLUCOSA SERICA Y PARA LIQUIDOS ORGANICOS",NULL,NULL,NULL
"LAB0002","LC","1689","0","0","0","0","UREA SERICA Y URINARIA",NULL,NULL,NULL
"LAB0003","LC","1689","0","0","0","0","CREATININA SERICA Y URINARIA.",NULL,NULL,NULL
"LAB0004","LC","1689","0","0","0","0","ACIDO URICO SERICA Y URINARIA.",NULL,NULL,NULL
"LAB0005","LC","1689","0","0","0","0","COLESTEROL",NULL,NULL,NULL
"LAB0006","LC","1689","0","0","0","0","TRIGLICÉRIDOS",NULL,NULL,NULL
"LAB0007","LC","1689","0","0","0","0","HDL, COLESTEROL",NULL,NULL,NULL
"LAB0008","LC","1689","0","0","0","0","LDL, COLESTEROL",NULL,NULL,NULL
"LAB0009","LC","1689","0","0","0","0","PROTEÍNAS TOTALES en suero",NULL,NULL,NULL
"LAB0010","LC","1689","0","0","0","0","PROTEINAS TOTALES EN Orina",NULL,NULL,NULL
"LAB0011","LC","1689","0","0","0","0","PROTEINAS TOTALES EN LCR",NULL,NULL,NULL
"LAB0012","LC","1689","0","0","0","0","ALBÚMINA",NULL,NULL,NULL
"LAB0013","LC","1689","0","0","0","0","BILIRRUBINA TOTAL",NULL,NULL,NULL
"LAB0014","LC","1689","0","0","0","0","BILIRRUBINA DIRECTA",NULL,NULL,NULL
"LAB0015","LC","1689","0","0","0","0","AST (TGO)",NULL,NULL,NULL
"LAB0016","LC","1689","0","0","0","0","ALT (TGP)",NULL,NULL,NULL
"LAB0017","LC","1689","0","0","0","0","FOSFATASA ALCALINA",NULL,NULL,NULL
"LAB0018","LC","1689","0","0","0","0","AMILASA",NULL,NULL,NULL
"LAB0019","LC","1689","0","0","0","0","LIPASA",NULL,NULL,NULL
"LAB0020","LC","1689","0","0","0","0","GGT",NULL,NULL,NULL
"LAB0021","LC","1689","0","0","0","0","FENITOINA",NULL,NULL,NULL
"LAB0022","LC","1689","0","0","0","0","DESHIDROGENASA LÁCTICA",NULL,NULL,NULL
"LAB0023","LC","1689","0","0","0","0","HEMOGLOBINA GLICOSILADA",NULL,NULL,NULL
"LAB0024","LC","1689","0","0","0","0","SODIO. MÉTODO POR ELECTROQUÍMICA O IÓN SELECTIVO en suero o en orina",NULL,NULL,NULL
"LAB0025","LC","1689","0","0","0","0","POTASIO. MÉTODO POR ELECTROQUÍMICA O IÓN SELECTIVO en suero o en orina",NULL,NULL,NULL
"LAB0026","LC","1689","0","0","0","0","CLORUROS. MÉTODO POR ELECTROQUÍMICA O IÓN SELECTIVO en suero o en orina",NULL,NULL,NULL
"LAB0027","LC","1689","0","0","0","0","CALCIO",NULL,NULL,NULL
"LAB0028","LC","1689","0","0","0","0","FOSFORO",NULL,NULL,NULL
"LAB0029","LC","1689","0","0","0","0","MAGNESIO",NULL,NULL,NULL
"LAB0030","LC","1689","0","0","0","0","JUEGO DE REACTIVO PARA ENZIMAS CARDIACAS COMO CKMB, DIGOXINA, MIOGLOBINA, TROPONINA, DIMERO D)",NULL,NULL,NULL
"LAB0031","LC","1689","0","0","0","0","PROCALCITONINA",NULL,NULL,NULL
"LAB0032","LC","1689","0","0","0","0","JUEGO DE REACTIVOS PARA DETERMINACIÓN EN EQUIPO AUTOMATIZADO DE LOS GLÓBULOS ROJOS EL HEMATOCRITO, HEMOGLOBINA, CONCENTRACIÓN MEDIA DE HEMOGLOBINA, CONCENTRACIÓN CORPUSCULAR MEDIA DE HEMOGLOBINA, VOLUMEN CORPUSCULAR MEDIO Y DE LEUCOCITOS SU RECUENTO DEFERENCIAL EN VALORES ABSOLUTOS Y PORCENTAJE.",NULL,NULL,NULL
"LAB0033","LC","1689","0","0","0","0","JUEGO DE REACTIVOS PARA LA DETERMINACIÓN EN EQUIPO AUTOMATIZADO DE HEMATOCRITO, PH,.PCO2, PO2, HCO3, EB, SO2 Y LACTATO",NULL,NULL,NULL
"LAB0034","LC","1689","0","1","0","0","SISTEMA ABO/RH, INCLUYE;TARJETA DE GEL, GLUBULOS PARA GRUPO INVERSO,SOLUCIÓN DILUYENTE, SOLUCION CONCENTRADA A Y B.",NULL,NULL,NULL
"LAB0035","LC","1689","0","0","0","0","SUERO PARA LA DETERMINACION DE GRUPOS SANGUINEOS Y PRUEBAS DE COMPATIBILIDAD PRETRANSFUSIONAL. ANTISUERO PARA TIPIFICAR LA SANGRE DE ORIGEN MONOCLONAL. ANTI A.",NULL,NULL,NULL
"LAB0036","LC","1689","0","0","0","0","SUERO PARA LA DETERMINACION DE GRUPOS SANGUINEOS Y PRUEBAS DE COMPATIBILIDAD PRETRANSFUSIONAL. ANTISUERO PARA TIPIFICAR LA SANGRE DE ORIGEN MONOCLONAL ANTI B.",NULL,NULL,NULL
"LAB0037","LC","1689","0","0","0","0","SUERO PARA LA DETERMINACION DE GRUPOS SANGUINEOS Y PRUEBAS DE COMPATIBILIDAD PRETRANSFUSIONAL. ANTISUERO PARA TIPIFICAR LA SANGRE DE ORIGEN MONOCLONAL ANTI AB.",NULL,NULL,NULL
"LAB0038","LC","1689","0","0","0","0","SUERO PARA LA DETERMINACION DE GRUPOS SANGUINEOS Y PRUEBAS DE COMPATIBILIDAD PRETRANSFUSIONAL. ANTISUERO PARA TIPIFICAR LA SANGRE DE ORIGEN MONOCLONAL ANTI D.",NULL,NULL,NULL
"LAB0039","LC","1689","0","0","0","0","LECTINA ANTI A1 (FITOAGLUTININA A1)PARA DETERMINACION DE GRUPO A1.",NULL,NULL,NULL
"LAB0040","LC","1689","0","0","0","0","LECTINA ANTI H",NULL,NULL,NULL
"LAB0041","LC","1689","0","0","0","0","COLORANTE PARA RETICULOCITOS. (AZUL DE METILENO NUEVO Ó AZUL DE CRESILO BRILLANTE).",NULL,NULL,NULL
"LAB0042","LC","1689","0","0","0","0","COLORANTE DE WRIGTH PARA TEÑIR FROTIS DE SANGRE O MEDULA OSEA. FRASCO DE 1000 ML Y BUFFER EN LA CANTIDAD SUFICIENTE PARA LA TOTALIDAD DE LAS PRUEBAS OFERTADAS.",NULL,NULL,NULL
"LAB0043","LC","1689","0","0","0","0","TROMBOPLASTINA DE ALTA SENSIBILIDAD, DE ORIGEN HUMANO O RECOMBINANTE, CON ÍNDICE INTERNACIONAL DE SENSIBILIDAD ""ISI"" MENOR DE 1.1.",NULL,NULL,NULL
"LAB0044","LC","1689","0","0","0","0","TROMBOPLASTINA PARCIAL ACTIVADA",NULL,NULL,NULL
"LAB0045","LC","1689","0","0","0","0","TROMBINA",NULL,NULL,NULL
"LAB0046","LC","1689","0","0","0","0","FIBRINOGENO. EQUIPO DE REACTIVOS PARA MEDIR SU CONCENTRACION EN EL PLASMA SANGUINEO, COMPUESTO DE TROMBINA",NULL,NULL,NULL
"LAB0047","LC","1689","0","0","0","0","TIRAS REACTIVAS PARA DETERMINAR COMO MÍNIMO 10 PARÁMETROS EN ORINA: GLUCOSA, BILIRRUBINAS, CETONAS, GRAVEDAD ESPECÍFICA, SANGRE, PH, PROTEÍNAS, UROBILINÓGENO, NITRITOS, LEUCOCITOS.",NULL,NULL,NULL
"LAB0048","LC","1689","0","0","0","0","TIRAS REACTIVAS PARA DETERMINACIÓN SEMICUANTITATIVA DE MICROALBÚMINA EN ORINA, EN UN RANGO DE 10 A 100 MG/L, EN UN TIEMPO APROXIMADO DE UN MINUTO.",NULL,NULL,NULL
"LAB0049","LC","1689","0","0","0","0","YODO LUGOL PARA EXÁMENES COPROPARASITOSCOPICOS.",NULL,NULL,NULL
"LAB0050","LC","1689","0","1","0","0","TIRAS REACTIVAS PARA LA DETERMINACION DE SANGRE OCULTA EN HECES, INCLUYE PAPEL FILTRO Y REACTIVOS SUPLEMENTARIOS.",NULL,NULL,NULL
"LAB0051","LC","1689","0","0","0","0","COLORANTE PARA SEDIMENTO URINARIO. (STERNHEIMER MALBIN)",NULL,NULL,NULL
"LAB0052","LC","1689","0","0","0","0","REACTIVO DE BENEDICT",NULL,NULL,NULL
"LAB0053","LC","1689","0","0","0","0","AGAR INF.CEREBRO CORAZÓN",NULL,NULL,NULL
"LAB0054","LC","1689","0","0","0","0","BASE DE AGAR MULLER HINTON",NULL,NULL,NULL
"LAB0055","LC","1689","0","0","0","0","COLORANTE P/TINCION DE BAAR",NULL,NULL,NULL
"LAB0056","LC","1689","0","1","0","0","EQUIPO PARA COLORACION DE GRAM, INCLUYE: CRISTAL VIOLETA GRAM, SAFRANINA GRAM, YODO LUGOL GRAM.",NULL,NULL,NULL
"LAB0057","LC","1689","0","1","0","0","EQUIPO PARA LA IDENTIFICACIÓN POR LA TECNICA DE AGLUTINACIÓN EN LÁTEX DE MENINGITIS EN LIQUIDO CEFALORRAQUIDEO.",NULL,NULL,NULL
"LAB0058","LC","1689","0","1","0","0","EQUIPO PARA LA IDENTIFICACION SEROLOGICA DE ESTREPTOCOCOS A,B,C,D,E,F,BETA HEMOLITICOS",NULL,NULL,NULL
"LAB0059","LC","1689","0","0","0","0","MEDIO DE CALDO ENRIQUECIDO Y DIGERIDO DE SOYA CASEÍNA CON CO2 PARA CULTIVO DE AEROBIOS EN MUESTRAS PEDIÁTRICAS DE LÍQUIDOS CORPORALES DE ORIGEN ESTÉRIL COMO SANGRE, LCR, LÍQUIDO PLEURAL, LÍQUIDO SINOVIAL ETC CUYO VOLUMEN DE MUESTRA DEBERA SER ENTRE 0.5 A 3 ML.",NULL,NULL,NULL
"LAB0060","LC","1689","0","0","0","0","MEDIO DE CALDO ENRIQUECIDO Y DIGERIDO DE SOYA CASEÍNA CON CO2 ADICIONADO CON RESINAS PARA CULTIVO DE AEROBIOS EN MUESTRAS DE LÍQUIDOS CORPORALES DE ORIGEN ESTÉRIL COMO SANGRE, LCR, LÍQUIDO PLEURAL, LÍQUIDO SINOVIAL ETC..., VOLUMEN DE MUESTRA DE 3 A 10 ML.",NULL,NULL,NULL
"LAB0061","LC","1689","0","0","0","0","MEDIO DE TRANSPORTE CARY BLEIR",NULL,NULL,NULL
"LAB0062","LC","1689","0","1","0","0","PANEL DE IDENT/LEVADURAS RAPID YEST(SIS.MICROSCAN)",NULL,NULL,NULL
"LAB0063","LC","1689","0","1","0","0","PANEL DE IDENT/MICROORG/FASTIDIOSOS HNID(SIS.MICROSCANS)",NULL,NULL,NULL
"LAB0064","LC","1689","0","1","0","0","PANEL DE PLACAS PARA IDENTIFICACION Y PRUEBAS DE SUBSEPTIBILIDAD DE MICROORGANISMOS PATOGENOS GRAM NEGATIVOS Y GRAM POSITIVOS(NC44, NUC55, PC33).",NULL,NULL,NULL
"LAB0065","LC","1689","0","1","0","0","PLACA DE AGAR GELOSA CHOCOLATE, DESECHABLE, ESTERIL, DE POLIESTIRENO CRISTAL DE 92 MM DE DIAMETRO, CON 18 ML DE MEDIO HIDRATADO CON 1 % DE HEMOGLOBINA Y 1% DE SUPLEMENTO NUTRITIVO. APILABLE CON IDENTIFICACION IMPRESA INDIVIDUAL. BOLSA ESTERIL DE PVDC, POLIPROPILENO, SELLADA AL CALOR CON 10 PLACAS CON ETIQUETA DE IDENTIFICACION.",NULL,NULL,NULL
"LAB0066","LC","1689","0","1","0","0","PLACA DE AGAR SANGRE. DESECHABLE, ESTÉRIL. DE POLIESTIRENO CRISTAL DE 92 MM DE DIAMETRO, CON 18 ML DE MEDIO HIDRATADO CON 5% DE SANGRE DESFIBRINADA DE CARNERO. APILABLE, CON IDENTIFICACION IMPRESA INDIVIDUAL. BOLSA ESTERIL DE PVDC POLIPROPILENO SELLADA AL CALOR CON CON 10 PLACAS CON ETIQUETA DE IDENTIFICACION.",NULL,NULL,NULL
"LAB0067","LC","1689","0","1","0","0","PLACA DE AGAR THAYER MARTIN, DESECHABLE, ESTERIL, DE POLIESTIRENO CRISTAL DE 92 MM DE DIAMETRO, CON 18 ML DE MEDIO HIDRATADO CON 1 % DE HEMOGLOBINA Y 1% DE SUPLEMENTO NUTRITIVO. CON VANCOMICINA, COLIMICINA, NISTATINA Y TRIMETOPRIM COMO INHIBIDORES. APILABLE CON IDENTIFICACION IMPRESA INDIVIDUAL, BOLSA ESTERIL DE PVDC, POLIPROPILENO, SELLADA AL CALOR, CON 10 PLACAS CON ETIQUETA DE IDENTIFICACION.",NULL,NULL,NULL
"LAB0068","LC","1689","0","1","0","0","PLACAS DE AGAR SAL MANITOL",NULL,NULL,NULL
"LAB0069","LC","1689","0","1","0","0","PLACAS DE AGAR BIGGY, PARA EL AISLAMIENTO DE LEVADURAS DEL GENERO CANDIDA",NULL,NULL,NULL
"LAB0070","LC","1689","0","1","0","0","PLACAS DE AGAR MAC CONKEY MEDIO SELECTIVO PARA AISLAMIENTO DE COLIFORMES.",NULL,NULL,NULL
"LAB0071","LC","1689","0","1","0","0","PLACAS DE AGAR SALMONELLA- SHIGELLA",NULL,NULL,NULL
"LAB0072","LC","1689","0","1","0","0","PLACAS DE AGAR SULFITO DE BISMUTO",NULL,NULL,NULL
"LAB0073","LC","1689","0","1","0","0","PLACAS DE AGAR VERDE BRILLANTE",NULL,NULL,NULL
"LAB0074","LC","1689","0","1","0","0","PLACAS DE AGAR XLD",NULL,NULL,NULL
"LAB0075","LC","1689","0","1","0","0","PLACAS DE CROMOAGAR CANDIDA",NULL,NULL,NULL
"LAB0076","LC","1689","0","1","0","0","REACTIVO FUNGITEST DE BIORAD",NULL,NULL,NULL
"LAB0077","LC","1689","0","1","0","0","SENSIDISCO P/LA DETERM/LA SENSIBILIDAD DE CEFTAXIMA",NULL,NULL,NULL
"LAB0078","LC","1689","0","1","0","0","SENSIDISCO P/LA DETERM/LA SENSIBILIDAD DE CEFTRIAXONA",NULL,NULL,NULL
"LAB0079","LC","1689","0","1","0","0","SENSIDISCO P/LA DETERM/LA SENSIBILIDAD DE OXACILINA",NULL,NULL,NULL
"LAB0080","LC","1689","0","1","0","0","SENSIDISCO P/LA DETERM/SENSIBILIDAD DE IMIPENEN",NULL,NULL,NULL
"LAB0081","LC","1689","0","1","0","0","SENSIDISCO P/LA DETERM/SENSIBILIDAD DE MEROPENEN",NULL,NULL,NULL
"LAB0082","LC","1689","0","1","0","0","SENSIDISCO P/LA DETERM/SENSIBILIDAD DE TRIMETROPIM - SULFAMETOXAZOL",NULL,NULL,NULL
"LAB0083","LC","1689","0","1","0","0","SENSIDISCO P/LA DETERM/SENSIBILIDAD DE VANCOMICINA",NULL,NULL,NULL
"LAB0084","LC","1689","0","1","0","0","SENSIDISCO PARA LA DETERMINACION LA SENSIBILIDAD DE AMOXICILINA",NULL,NULL,NULL
"LAB0085","LC","1689","0","1","0","0","SENSIDISCO PARA LA DETERMINACION DE OPTOQUINA",NULL,NULL,NULL
"LAB0086","LC","1689","0","0","0","0","TETRATIONATO, CALDO, MEDIO ENRIQUECIDO, PRINCIPALMENTE UTIL PARA ENTEROBACTERIAS DEL GENERO SALMONELLA.",NULL,NULL,NULL
"LAB0087","LC","1689","0","1","0","0","TIRAS DE PH PARA LIQUIDOS CORPORALES Y OTROS PREPARADOS",NULL,NULL,NULL
"LAB0088","LC","1689","0","0","0","0","REACTIVOS PARA LA DETERMINACIÓN CUANTITATIVA DE HORMONA T3 POR METODO DE QUIMIOLUMINISCENCIA INDIRECTA MEDIANTE REACCIONES ANTIGENO-ANTICUERPO",NULL,NULL,NULL
"LAB0089","LC","1689","0","0","0","0","REACTIVOS PARA LA DETERMINACIÓN CUANTITATIVA DE HORMONA T3 LIBRE POR METODO DE QUIMIOLUMINISCENCIA INDIRECTA MEDIANTE REACCIONES ANTIGENO-ANTICUERPO",NULL,NULL,NULL
"LAB0090","LC","1689","0","0","0","0","REACTIVOS PARA LA DETERMINACIÓN CUANTITATIVA DE HORMONA T4 POR METODO DE QUIMIOLUMINISCENCIA INDIRECTA MEDIANTE REACCIONES ANTIGENO-ANTICUERPO",NULL,NULL,NULL
"LAB0091","LC","1689","0","0","0","0","REACTIVOS PARA LA DETERMINACIÓN CUANTITATIVA DE HORMONA T4 LIBRE POR METODO DE QUIMIOLUMINISCENCIA INDIRECTA MEDIANTE REACCIONES ANTIGENO-ANTICUERPO",NULL,NULL,NULL
"LAB0092","LC","1689","0","0","0","0","REACTIVOS PARA LA DETERMINACIÓN CUANTITATIVA DE HORMONA ESTIMULANTE DE LA TIROIDES (TSH) POR METODO DE QUIMIOLUMINISCENCIA INDIRECTA MEDIANTE REACCIONES ANTIGENO-ANTICUERPO",NULL,NULL,NULL
"LAB0093","LC","1689","0","0","0","0","T CAPTACION (TU)",NULL,NULL,NULL
"LAB0094","LC","1689","0","0","0","0","REACTIVOS PARA LA DETERMINACIÓN CUANTITATIVA DE TOXOPLASMA IgG EN SUERO POR METODO DE QUIMIOLUMINISCENCIA INDIRECTA MEDIANTE REACCIONES ANTIGENO-ANTICUERPO",NULL,NULL,NULL
"LAB0095","LC","1689","0","0","0","0","REACTIVOS PARA LA DETERMINACIÓN CUANTITATIVA DE TOXOPLASMA IgM EN SUERO POR METODO DE QUIMIOLUMINISCENCIA INDIRECTA MEDIANTE REACCIONES ANTIGENO-ANTICUERPO",NULL,NULL,NULL
"LAB0096","LC","1689","0","0","0","0","REACTIVOS PARA LA DETERMINACIÓN CUANTITATIVA DE RUBEOLLA IgM EN SUERO POR METODO DE QUIMIOLUMINISCENCIA INDIRECTA MEDIANTE REACCIONES ANTIGENO-ANTICUERPO",NULL,NULL,NULL
"LAB0097","LC","1689","0","0","0","0","REACTIVOS PARA LA DETERMINACIÓN CUANTITATIVA DE RUBEOLLA IgG EN SUERO POR METODO DE QUIMIOLUMINISCENCIA INDIRECTA MEDIANTE REACCIONES ANTIGENO-ANTICUERPO",NULL,NULL,NULL
"LAB0098","LC","1689","0","0","0","0","REACTIVOS PARA LA DETERMINACIÓN CUANTITATIVA DE CITOMEGALOVIRUS IgG EN SUERO POR METODO DE QUIMIOLUMINISCENCIA INDIRECTA MEDIANTE REACCIONES ANTIGENO-ANTICUERPO",NULL,NULL,NULL
"LAB0099","LC","1689","0","0","0","0","REACTIVOS PARA LA DETERMINACIÓN CUANTITATIVA DE CITOMEGALOVIRUS IgM EN SUERO POR METODO DE QUIMIOLUMINISCENCIA INDIRECTA MEDIANTE REACCIONES ANTIGENO-ANTICUERPO",NULL,NULL,NULL
"LAB0100","LC","1689","0","0","0","0","REACTIVOS PARA LA DETERMINACIÓN CUANTITATIVA DE HERPES IgG EN SUERO POR METODO DE QUIMIOLUMINISCENCIA INDIRECTA MEDIANTE REACCIONES ANTIGENO-ANTICUERPO.",NULL,NULL,NULL
"LAB0101","LC","1689","0","0","0","0","REACTIVOS PARA LA DETERMINACIÓN CUANTITATIVA DE HERPES IgM EN SUERO POR METODO DE QUIMIOLUMINISCENCIA INDIRECTA MEDIANTE REACCIONES ANTIGENO-ANTICUERPO.",NULL,NULL,NULL
"LAB0102","LC","1689","0","0","0","0","REACTIVOS PARA LA DETERMINACIÓN CUANTITATIVA DE HORMONA ESTRADIOL POR METODO DE QUIMIOLUMINISCENCIA INDIRECTA MEDIANTE REACCIONES ANTIGENO-ANTICUERPO",NULL,NULL,NULL
"LAB0103","LC","1689","0","0","0","0","REACTIVOS PARA LA DETERMINACIÓN CUANTITATIVA DE HORMONA FSH POR METODO DE QUIMIOLUMINISCENCIA INDIRECTA MEDIANTE REACCIONES ANTIGENO-ANTICUERPO",NULL,NULL,NULL
"LAB0104","LC","1689","0","0","0","0","REACTIVOS PARA LA DETERMINACION CUANTITATIVA DE HORMONA PROGETERONA POR METODO DE QUIMIOLUMINICENSIA INDIRECTA MEDIANTE REACCIONES ANTIGENO-ANTICUERPO.",NULL,NULL,NULL
"LAB0105","LC","1689","0","0","0","0","REACTIVOS PARA LA DETERMINACION CUANTITATIVA DE HORMONA PROLACTINA POR METODO DE QUIMIOLUMINICENSIA INDIRECTA MEDIANTE REACCIONES ANTIGENO-ANTICUERPO.",NULL,NULL,NULL
"LAB0106","LC","1689","0","0","0","0","CORTISOL SERICO",NULL,NULL,NULL
"LAB0107","LC","1689","0","0","0","0","REACTIVOS PARA LA DETERMINACION CUANTITATIVA DE HORMONA TESTOSTERONA POR METODO DE QUIMIOLUMINICENSIA INDIRECTA MEDIANTE REACCIONES ANTIGENO-ANTICUERPO.",NULL,NULL,NULL
"LAB0108","LC","1689","0","0","0","0","REACTIVOS PARA LA DETERMINACION CUANTITATIVA DE HORMONA B HCG POR METODO DE QUIMIOLUMINICENSIA INDIRECTA MEDIANTE REACCIONES ANTIGENO-ANTICUERPO.",NULL,NULL,NULL
"LAB0109","LC","1689","0","0","0","0","REACTIVOS PARA LA DETERMINACIÓN CUANTITATIVA DE PSA TOTAL POR METODO DE QUIMIOLUMINISCENCIA INDIRECTA MEDIANTE REACCIONES ANTIGENO-ANTICUERPO",NULL,NULL,NULL
"LAB0110","LC","1689","0","0","0","0","REACTIVOS PARA LA DETERMINACIÓN CUANTITATIVA DE PSA LIBRE POR METODO DE QUIMIOLUMINISCENCIA INDIRECTA MEDIANTE REACCIONES ANTIGENO-ANTICUERPO",NULL,NULL,NULL
"LAB0111","LC","1689","0","0","0","0","DIMERO D",NULL,NULL,NULL
"LAB0112","LC","1689","0","0","0","0","REACTIVOS PARA LA DETERMINACIÓN CUANTITATIVA DE VIRUS DE LA HEPATITIS A POR METODO DE QUIMIOLUMINISCENCIA INDIRECTA MEDIANTE REACCIONES ANTIGENO-ANTICUERPO",NULL,NULL,NULL
"LAB0113","LC","1689","0","0","0","0","REACTIVOS PARA LA DETERMINACIÓN CUANTITATIVA DE VIRUS DE LA HEPATITIS B POR METODO DE QUIMIOLUMINISCENCIA INDIRECTA MEDIANTE REACCIONES ANTIGENO-ANTICUERPO",NULL,NULL,NULL
"LAB0114","LC","1689","0","0","0","0","REACTIVOS PARA LA DETERMINACIÓN CUANTITATIVA DE VIRUS DE LA HEPATITIS C POR METODO DE QUIMIOLUMINISCENCIA INDIRECTA MEDIANTE REACCIONES ANTIGENO-ANTICUERPO",NULL,NULL,NULL
"LAB0115","LC","1689","0","0","0","0","REACTIVOS PARA LA DETERMINACIÓN CUANTITATIVA DE HIV POR METODO DE QUIMIOLUMINISCENCIA INDIRECTA MEDIANTE REACCIONES ANTIGENO-ANTICUERPO",NULL,NULL,NULL
"LAB0116","LC","1689","0","0","0","0","MARCADOR TUMORAL CA 19-9",NULL,NULL,NULL
"LAB0117","LC","1689","0","0","0","0","MARCADOR TUMORAL CA125",NULL,NULL,NULL
"LAB0118","LC","1689","0","0","0","0","ANTIGENO CARCINOEMBRIONARIO",NULL,NULL,NULL
"LAB0119","LC","1689","0","0","0","0","ALFA FETO PROTEINA (AFP)",NULL,NULL,NULL
"LAB0120","LC","1689","0","1","0","0","REACCIONES FEBRILES, ANTIGENOS PARA AGLUTINACION MACROSCOPICA EN PLACA O TUBO, PARA EL DIAGNOSTICO SEROLOGICO EN PROCESOS INFECCIOSOS, PRODUCIDOS POR MICROORGANISMOS DEL GENERO: SALMONELLA Y BRUCELLA. JUEGO COMPUESTO DE: TIFICO O, TIFICO H, PARATIFICO A, PARATIFICO B, PROTEUX OX-19 Y BRUCELLA ABORTUS, SUERO CONTROL POSITIVO Y SUERO CONTROL NEGATIVO.",NULL,NULL,NULL
"LAB0121","LC","1689","0","1","0","0","ANTIESTREPTOLISINA. EQUIPO PARA SU DETERMINACION EN SUERO, COMPUESTO DE : PARTICULAS DE LATEX RECUBIERTAS POR ANTIESTREPTOLISINAS, SUERO CONTROL POSITIVO Y NEGATIVO Y PLACA DE REACCION.",NULL,NULL,NULL
"LAB0122","LC","1689","0","1","0","0","FACTOR REUMATOIDE. EQUIPO PARA SU DETERMINACION EN SUERO, COMPUESTO DE: ANTÍGENO ADSORBIDO A PARTÍCULAS DE LÁTEX, 5 ML., SUERO CONTROL POSITIVO Y NEGATIVO Y PLACA DE REACCION.",NULL,NULL,NULL
"LAB0123","LC","1689","0","1","0","0","PROTEINA ""C"" REACTIVA. EQUIPO PARA INVESTIGAR POR AGLUTINACION DE PARTICULAS DE LATEX, ESTANDARIZADA. COMPUESTO DE: SUERO CONTROL POSITIVO Y NEGATIVO, PLACA DE REACCION, ANTISUERO ADSORBIDO A PARTICULAS DE LATEX.",NULL,NULL,NULL
"LAB0124","LC","1689","0","1","0","0","PROTEINA"" C"" REACTIVA METODO CUANTITATIVO",NULL,NULL,NULL
"LAB0125","LC","1689","0","0","0","0","GONADOTROFINA CORIONICA HUMANA. PRUEBA RAPIDA CUALITATIVA DE UN SOLO PASO EN MEMBRANA SOLIDA PARA DETERMINACION EN ORINA O SUERO, EN SOBRE INDIVIDUAL. SENSIBILIDAD 20 A 25 N UI/ML . PRUEBA EN CARTUCHO DE PLASTICO, CON PIPETA DESECHEBLE CONTROL POSITIVO Y NEGATIVO",NULL,NULL,NULL
"LAB0126","LC","1689","0","1","0","0","PRUEBA RAPIDA DE REAGINA PARA EL DIAGNOSTICO DE SIFILIS. EQUIPO DE ANTIGENO, TARJETA, TUBOS, GOTEROS Y AGUJAS.",NULL,NULL,NULL
"LAB0127","LC","1689","0","1","0","0","ENSAYO INMUNOENZIMATICO RAPIDO PARA LA DETECCION CUALITATITVA EN SUERO Y PLASMA DE ANTICUERPOS CONTRA EL VIRUS DE LA INMUNODEFICIENCIA HUMANA (V.I.H.) TIPOS 1 Y 2. ENSAYO INMUNOENZIMATICO DE RECONOCIMIENTO DUAL, BASADO EN LA DETECCCION ESPECIFICA DE ANTICUERPOS",NULL,NULL,NULL
"LAB0128","LC","1689","0","1","0","0","ANTIGENO TEÑIDO CON ROSA DE BENGALA, AGLUTINACION EN PLACA PARA DIAGNOSTICO DE BRUCELOSIS.",NULL,NULL,NULL
"LAB0129","LC","1689","0","0","0","0","SISTEMA INMUNOENZIMATICO PARA LA DETECCION EN SUERO Y PLASMA DE ANTICUERPOS CONTRA EL VIRUS DE LA HEPATITIS TIPO ""A"". EQUIPO COMPLETO CON CONTROLES Y REACTIVOS SUPLEMENTARIOS. SERODIA.",NULL,NULL,NULL
"LAB0130","LC","1689","0","0","0","0","SISTEMA INMUNOENZIMATICO PARA LA DETECCION EN SUERO Y PLASMA DE ANTIGENO DE SUPERFICIE (ANTIGENO AUSTRALIA) DEL VIRUS DE LA HEPATITIS TIPO ""B"" (HBS-AG). EQUIPO COMPLETO CON CONTROLES Y REACTIVOS SUPLEMENTARIOS. SERODIA",NULL,NULL,NULL
"LAB0131","LC","1689","0","0","0","0","SISTEMA INMUNOENZIMATICO PARA LA DETECCION DE ANTICUERPOS CONTRA EL VIRUS DE LA HEPATITIS TIPO ""C"" (ANTI-VHC) EN SUERO O PLASMA. EQUIPO COMPLETO CON CONTROLES Y REACTIVOS SUPLEMENTARIOS. SERODIA",NULL,NULL,NULL
"LAB0132","LC","1689","0","0","0","0","inmunoglobulina IgE",NULL,NULL,NULL
"LAB0133","LC","1689","0","0","0","0","inmunoglobulina IgM",NULL,NULL,NULL
"LAB0134","LC","1689","0","0","0","0","inmunoglobulina IgG",NULL,NULL,NULL
"LAB0135","LC","1689","0","0","0","0","inmunoglobulina IgD",NULL,NULL,NULL
"LAB0136","LC","1689","0","0","0","0","inmunoglobulina IgA",NULL,NULL,NULL
"LAB0137","LC","1689","0","0","0","0","tiroglobulina",NULL,NULL,NULL
"LAB0138","LC","1689","0","0","0","0","C3 Complemento",NULL,NULL,NULL
"LAB0139","LC","1689","0","0","0","0","C4 Complemento",NULL,NULL,NULL
"LAB0140","LC","1689","0","1","0","0","ANTICUERPOS MONOCLONALES PARA LA PRUEBA DE AGLUTINACION DE LATEX EN LA DETERMINACION DE ROTAVIRUS. CONTROLES POSITIVO, NEGATIVO Y SOLUCION AMORTIGUADORA.",NULL,NULL,NULL
"LAB0141","LC","1689","0","1","0","0","REACTIVO P/DETERMINAR ANTICUERPOS ANTI-DENGUE",NULL,NULL,NULL
"LAB0142","LC","1689","0","0","0","0","AGUA TRIDESTILADA CERTIFICADA.",NULL,NULL,NULL
"LAB0143","LC","1689","0","0","0","0","PRUEBA RÁPIDA CUALITATIVA DE ANTÍGENO PROSTÁTICO ESPECÍFICO (PSA)",NULL,NULL,NULL
"LAB0144","LC","1689","0","0","0","0","AGUA TRIDESTILADA CERTIFICADA",NULL,NULL,NULL
"LAB0145","LC","1689","0","0","0","0","ALBÚMINA BOVINA AL 22%",NULL,NULL,NULL
"LAB0146","LC","1689","0","0","0","0","ANTI H LECTINA",NULL,NULL,NULL
"LAB0147","LC","1689","0","0","0","0","BOLSAS TRANSFER PEDIATRICAS 100 ML.",NULL,NULL,NULL
"LAB0148","LC","1689","0","0","0","0","BOLSAS TRANSFER PEDIATRICAS 150 ML.",NULL,NULL,NULL
"LAB0149","LC","1689","0","0","0","0","CELULAS CONTROL DE COOMBS NEGATIVO",NULL,NULL,NULL
"LAB0150","LC","1689","0","0","0","0","CELULAS CONTROL DE COOMBS FUERTE",NULL,NULL,NULL
"LAB0151","LC","1689","0","0","0","0","CONTROL D BIORAD",NULL,NULL,NULL
"LAB0152","LC","1689","0","0","0","0","KID SERASCAM DIANA 2",NULL,NULL,NULL
"LAB0153","LC","1689","0","0","0","0","LECTINA ANTI A1 (FITOAGLUTININA A1)PARA DETERMINACION DE GRUPO A1.",NULL,NULL,NULL
"LAB0154","LC","1689","0","0","0","0","REACTIVO DE ANTI-GLOBULINA HUMANA ANTI IGG-C3D POLIESPECIFICO (MURINO MONOCLONAL) COOMBS",NULL,NULL,NULL
"LAB0155","LC","1689","0","0","0","0","REACTIVO DE COOMBS MONOESPECIFICO PARA IgG",NULL,NULL,NULL
"LAB0156","LC","1689","0","0","0","0","REACTIVO GAMMA LO-ION",NULL,NULL,NULL
"LAB0157","LC","1689","0","0","0","0","REACTIVO GAMMA ZYME- B BROMELINA",NULL,NULL,NULL
"LAB0158","LC","1689","0","0","0","0","SUERO PARA LA DETERMINACION DE GRUPOS SANGUINEOS Y PRUEBAS DE COMPATIBILIDAD PRETRANSFUSIONAL. ANTISUERO PARA TIPIFICAR LA SANGRE DE ORIGEN MONOCLONAL. ANTI A.",NULL,NULL,NULL
"LAB0159","LC","1689","0","0","0","0","SUERO PARA LA DETERMINACION DE GRUPOS SANGUINEOS Y PRUEBAS DE COMPATIBILIDAD PRETRANSFUSIONAL. ANTISUERO PARA TIPIFICAR LA SANGRE DE ORIGEN MONOCLONAL. ANTI AB.",NULL,NULL,NULL
"LAB0160","LC","1689","0","0","0","0","SUERO PARA LA DETERMINACION DE GRUPOS SANGUINEOS Y PRUEBAS DE COMPATIBILIDAD PRETRANSFUSIONAL. ANTISUERO PARA TIPIFICAR LA SANGRE DE ORIGEN MONOCLONAL. ANTI B.",NULL,NULL,NULL
"LAB0161","LC","1689","0","0","0","0","SUERO PARA LA DETERMINACION DE GRUPOS SANGUINEOS Y PRUEBAS DE COMPATIBILIDAD PRETRANSFUSIONAL. ANTISUERO PARA TIPIFICAR LA SANGRE DE ORIGEN MONOCLONAL. ANTI D.",NULL,NULL,NULL
"LAB0162","LC","1689","0","1","0","0","TARJETA DE GEL PARA COOMBS",NULL,NULL,NULL
"LAB0163","LC","1689","0","1","0","0","TARJETA DE GEL PARA GRUPO SANGUÍNEO DEL SISTEMA ABO Y RH",NULL,NULL,NULL
"LAB0164","LC","1689","0","1","0","0","TARJETAS DG GEL CONFIRM",NULL,NULL,NULL
"LAB0165","LC","1689","0","1","0","0","TARJETAS DG GEL PHENO",NULL,NULL,NULL
"LAB0166","LC","1689","0","0","0","0","SONDA YAM2 PDMSECUENCAI 5´-FAM-CAG RCC ATT GTG TGT GGG GAY CAC ACC-BHQ-3´, CONCENTRACIÓN DE 200 NANOMOLES . VIAL",NULL,NULL,NULL
"LAB0167","LC","1689","0","0","0","0","ANTISUERO VIBRIO CHOLERAE, POLIVALENTE. FRASCO CON 3 ML. RTC.",NULL,NULL,NULL
"LAB0168","LC","1689","0","1","0","0","JUEGOS DE REACTIVOS PARA PRUEBAS ESPECÍFICAS. HERPES SIMPLE TIPOS 1 Y 2. IGG. PARA DETERMINAR POR TÉCNICA INMUNOENZIMÁTICA ANTICUERPOS IGM Y IGG. PARA MÍNIMO 96 PRUEBAS. RTC.",NULL,NULL,NULL
"LAB0169","LC","1689","0","1","0","0","JUEGOS DE REACTIVOS PARA PRUEBAS ESPECÍFICAS. DENGUE. IGG. PARA DETERMINAR POR PRUEBA INMUNOENZIMÁTICA ANTICUERPOS CONTRA DENGUE: IGM, ANTÍGENO INACTIVADO CON LOS CUATRO SEROTIPOS (1,2,3 Y 4). PARA MÍNIMO 96 PRUEBAS.",NULL,NULL,NULL
"LAB0170","LC","1689","0","1","0","0","JUEGOS DE REACTIVOS PARA PRUEBAS ESPECÍFICAS. ESTUCHE DE REACTIVOS PARA LA DETERMINACIÓN DE REAGINAS CONTRA EL TREPONEMA PALLIDUM, POR FLOCULACIÓN EN PLACA. PARA MÍNIMO 50 PRUEBAS. RTC.",NULL,NULL,NULL
"LAB0171","LC","1689","0","1","0","0","JUEGOS DE REACTIVOS PARA PRUEBA ESPECÍFICAS. PRUEBA INMUNOENZIMÁTICA PARA LA DETECCIÓN DE ANTICUERPOS DEL VIRUS DE LA HEPATITIS C (ANTI VHC) EN SUERO O PLASMA. POR MEDIO DE ANTÍGENOS RECOMBINANTES O PÉPTIDOS SINTÉTICOS. INCLUYE CONTROLES Y REACTIVOS SUPLEMENTARIOS. PARA MÍNIMO 96 PRUEBAS. RTC.",NULL,NULL,NULL
"LAB0172","LC","1689","0","0","0","0","DETERMINACIONES DEL SISTEMA ABO/Rh, EN TARJETA DE GEL. INCLUYE UN VIAL DE 10 ML DE CÉLULAS A1 Y UN VIAL DE CÉLULAS B. INCLUYE SOLUCIÓN DILUYENTE, SOLUCIONES CONCENTRADAS DE LAVADO PARA EL EQUIPO AUTOMATIZADO. INCLUYE PROGRAMA DE EVALUACIÓN EXTERNA EN INMUNOHEMATOLOGÍA CON 50 TARJETAS PARA Pbas",NULL,NULL,NULL
"LAB0173","LC","1689","0","0","0","0","ÁCIDO FÉNICO (FENOL). FRASCO CON 500 GR",NULL,NULL,NULL
"LAB0174","LC","1689","0","0","0","0","ACURRUM 155 CONTROL POSITIVO ANTISÍFILIS SERIE 2000 6X3.5 ML",NULL,NULL,NULL
"LAB0175","LC","1689","0","0","0","0","ACURRUM 190 CONTROL POSITIVO DE ANTICUERPOS CHAGAS 6X3.5 ML",NULL,NULL,NULL
"LAB0176","LC","1689","0","0","0","0","AGAR BASE SANGRE, PARA AISLAR E INVESTIGAR LA ACTIVIDAD HEMOLÍTICA DE MICROORGANISMOS. FRASCO CON 450 G. TA.",NULL,NULL,NULL
"LAB0177","LC","1689","0","0","0","0","AGAR BORDET-GENGOU. MEDIO DE CULTIVO SELECTIVO PARA EL AISLAMIENTO DE BORDETELLA. FRASCO CON 500 G. TA.",NULL,NULL,NULL
"LAB0178","LC","1689","0","0","0","0","AGAR DE SOYA Y TRIPTICASEÍNA, REACTIVO ANALÍTICO, FRASCO CON 500 GR.",NULL,NULL,NULL
"LAB0179","LC","1689","0","0","0","0","AGAR HIERRO Y TRIPLE AZÚCAR. PARA LA IDENTIFICACIÓN DE ENTEROBACTERIAS. FRASCO CON 450 G. TA.",NULL,NULL,NULL
"LAB0180","LC","1689","0","0","0","0","AGAR SIMMONS CON CITRATO. PARA DIFERENCIAR LAS ENTEROBACTERIAS EN LA UTILIZACIÓN DEL CITRATO. FRASCO CON 450 G. TA.",NULL,NULL,NULL
"LAB0181","LC","1689","0","0","0","0","AZUL DE BROMOTIMOL. INDICADOR. FRASCO CON 5 G.",NULL,NULL,NULL
"LAB0182","LC","1689","0","0","0","0","AZUL DE METILENO. FRASCO CON 10 G.",NULL,NULL,NULL
"LAB0183","LC","1689","0","0","0","0","BICARBONATO DE SODIO. RA. ACS. POLVO. FRASCO CON 500 G. TA.",NULL,NULL,NULL
"LAB0184","LC","1689","0","0","0","0","CLOROFORMO RA. ACS. FRASCO CON 1000 ML. TA.",NULL,NULL,NULL
"LAB0185","LC","1689","0","1","0","0","EQUIPO DE REACTIVOS PARA FTA. EQUIPO ANTI-TREPONEMA PALLIDUM, POR INMUNOFLUORESCENCIA. COMPLETO CON REACTIVOS (CONJUGADO PARA DETECCIÓN DE IGG, IGM, ADSORBENTE PARA FACTOR REUMATOIDE, ADSORBENTE PARA IGG Y LAMINILLAS FIJADAS CON TREPONEMA PALLIDUM, CON SENSIBILIDAD Y ESPECIFICIDAD IGUAL O SUPERIOR AL 98% SEGÚN CERTIFICADO CORRESPONDIENTE. EQUIPO PARA 192 PRUEBAS.",NULL,NULL,NULL
"LAB0186","LC","1689","0","1","0","0","ESTUCHE DE REACTIVOS COMPLEMENTARIOS PARA ELISA. RUBEOLA Y SARAMPIÓN PARA 300 DETERMINACIONES.",NULL,NULL,NULL
"LAB0187","LC","1689","0","1","0","0","ESTUCHE PARA DETERMINAR ANTICUERPOS IGG SARAMPIÓN POR ENSAYO INMUNOENZIMÁTICO EN SUERO. 2 PLACAS DE 48 POZOS PARA 96 DETERMINACIONES.",NULL,NULL,NULL
"LAB0188","LC","1689","0","1","0","0","ESTUCHE PARA DETERMINAR ANTICUERPOS IGM SARAMPIÓN POR ENSAYO INMUNOENZIMÁTICO EN SUERO. 2 PLACAS DE 48 POZOS PARA 96 DETERMINACIONES.",NULL,NULL,NULL
"LAB0189","LC","1689","0","1","0","0","ESTUCHE PARA DETERMINAR ANTICUERPOS IGM RUBEOLA POR ENSAYO INMUNOENZIMÁTICO EN SUERO. 2 PLACAS DE 48 POZOS PARA 96 DETERMINACIONES.",NULL,NULL,NULL
"LAB0190","LC","1689","0","1","0","0","JUEGOS DE REACTIVOS PARA PRUEBAS ESPECÍFICAS. DENGUE. REACTIVO PARA DETERMINAR ANTÍGENO NS1 DEL VIRUS DEL DENGUE (SEROTIPOS 1,2,3 Y 4) EN SUERO O PLASMA HUMANO POR TÉCNICA INMUNOENZIMÁTICA. PARA MÍNIMO 96 PRUEBAS.",NULL,NULL,NULL
"LAB0191","LC","1689","0","1","0","0","JUEGOS DE REACTIVOS PARA PRUEBAS ESPECÍFICAS. HEPATITIS B VIRUS. DETERMINACIÓN POR TÉCNICA INMUNOENZIMÁTICA DE PRUEBA CONFIRMATORIA DE LA PRESENCIA DEL ANTÍGENO DE SUPERFICIE. PARA MÍNIMO 25 PRUEBAS. RTC.",NULL,NULL,NULL
"LAB0192","LC","1689","0","1","0","0","JUEGOS DE REACTIVOS PARA PRUEBAS ESPECÍFICAS. HEPATITIS A VIRUS. DETERMINACIÓN POR PRUEBA INMUNOENZIMÁTICA DE ANTICUERPOS IGM EN SUERO O PLASMA. PARA MÍNIMO 96 PRUEBAS. RTC.",NULL,NULL,NULL
"LAB0193","LC","1689","0","1","0","0","KIT PARA BIOMETRÍA HEMÁTICA SEMIAUTOMÁTICO CON CAPACIDAD DE LECTURA DE DIFERENCIAL DE 3 PARÁMETROS QUE SE UTILIZA EN EL RECUENTO Y DETERMINACIÓN DE TAMAÑO DE LAS CÉLULAS SANGUÍNEAS. COMPATIBLE CON LOS ANALIZADORES HEMATOLÓGICOS EN COMODATO. INCLUYE AGENTE LÍTICO Y DILUYENTE Y CONTROL DE CITOMETRÍA HEMATOLÓGICA INTERNO.",NULL,NULL,NULL
"LAB0194","LC","1689","0","1","0","0","KIT PARA BIOMETRÍA HEMÁTICA SEMIAUTOMÁTICO CON CAPACIDAD DE LECTURA DE DIFERENCIAL DE 7 PARÁMETROS QUE SE UTILIZA EN EL RECUENTO Y DETERMINACIÓN DE TAMAÑO DE LAS CÉLULAS SANGUÍNEAS. COMPATIBLE CON LOS ANALIZADORES HEMATOLÓGICOS EN COMODATO. INCLUYE AGENTE LÍTICO Y DILUYENTE Y CONTROL DE CITOMETRÍA HEMATOLÓGICA INTERNO Y PROGRAMA DE EVALUACIÓN EXTERNO.",NULL,NULL,NULL
"LAB0195","LC","1689","0","1","0","0","REACTIVOS Y JUEGO DE REACTIVOS PARA PRUEBAS ESPECÍFICAS. PRUEBA INMUNOENZIMÁTICA PARA DETECCIÓN, EN SUERO Y PLASMA DE ANTICUERPOS CONTRA EL VIRUS DE LA INMUNODEFICIENCIA HUMANA (VIH) TIPOS 1 Y 2 CON ANTÍGENOS RECOMBINANTES O PÉPTIDOS SINTÉTICOS. INCLUYE CONTROLES Y REACTIVOS SUPLEMENTARIOS. PARA MÍNIMO 96 PRUEBAS.",NULL,NULL,NULL
"LAB0196","LC","1689","0","0","0","0","RESINA SINTÉTICA. MEDIO DE MONTAJE RÁPIDO PARA PREPARACIONES HISTOLÓGICAS ORDINARIAS Y DE MICROSCOPÍA ELECTRÓNICA. ENVASE CON 500 ML.",NULL,NULL,NULL
"LAB0197","LC","1689","0","0","0","0","ROJO DE FENOL. FRASCO CON 5 G.",NULL,NULL,NULL
"LAB0198","LC","1689","0","1","0","0","ROSA DE BENGALA CON 50 PRUEBAS. BRUSELLA",NULL,NULL,NULL
"LAB0199","LC","1689","0","0","0","0","SACAROSA (SUCROSA). RA. ACS. CRISTALES. FRASCO CON 500 G. TA.",NULL,NULL,NULL
"LAB0200","LC","1689","0","1","0","0","SENSIDISCOS DE OPTOQUINA PARA DIFERENCIAR EL NEUMOCOCO DEL STREPTOCOCO ALFA. CON 50 DISCOS.",NULL,NULL,NULL
"LAB0201","LC","1689","0","1","0","0","SENSIDISCOS DE OXACILINA 1 MICROGRAMO. CON 50 DISCOS.",NULL,NULL,NULL
"LAB0202","LC","1689","0","1","0","0","SENSIDISCOS IMPREGNADOS CON BACITRACINA 0.004 UNIDADES. CON 50 DISCOS.",NULL,NULL,NULL
"LAB0203","LC","1689","0","0","0","0","SUERO ANTI A1 LECTINA. 5 ML",NULL,NULL,NULL
"LAB0204","LC","1689","0","0","0","0","SUERO ANTI A FCO. DE 10 ML.",NULL,NULL,NULL
"LAB0205","LC","1689","0","0","0","0","SUERO ANTI AB FCO. DE 10 ML.",NULL,NULL,NULL
"LAB0206","LC","1689","0","0","0","0","SUERO ANTI B FCO. DE 10 ML.",NULL,NULL,NULL
"LAB0207","LC","1689","0","0","0","0","SUERO ANTI D FCO. DE 10 ML.",NULL,NULL,NULL
"LAB0208","LC","1689","0","0","0","0","SUERO ANTI H LECTINA 5 ML",NULL,NULL,NULL
"LAB0209","LC","1689","0","0","0","0","SUERO DE COOMBS FCO. DE 10 ML",NULL,NULL,NULL
"LAB0210","LC","1689","0","1","0","0","TARJETAS DE DG GEL (COOMBS) PARA PRUEBAS DE COMPATIBILIDAD. INCLUYE UN KIT DE CÉLULAS PARA RASTREO Y UN KIT DE CÉLULAS DE IDENTIFICACIÓN DE CUERPOS IRREGULARES. CON 50 TARJETAS",NULL,NULL,NULL
"LAB0211","LC","1689","0","1","0","0","TARJETAS DE DG GEL. SISTEMA PARA CONFIRMAR GRUPO SANGUÍNEO (CONFIRM) CON SOLUCIÓN DILUYENTE Y SOLUCIÓN CONCENTRADAS DE LAVADO PARA EL EQUIPO AUTOMATIZADO. CON 50 TARJETAS",NULL,NULL,NULL
"LAB0212","LC","1689","0","1","0","0","TARJETAS PARA FENOTIPOS (DG GEL RH PHENO).",NULL,NULL,NULL
"LAB0213","LC","1689","0","1","0","0","TAXO TB NIACINA TIRAS TEST CONTROL DE AMOLIA CADUCIDAD CAJA CON 50 DISCOS.",NULL,NULL,NULL
"LAB0214","LC","1689","0","1","0","0","TIRAS PARA ANÁLISIS DE ÁCIDO NICOTÍNICO. TIRAS DE PAPEL CON REACTIVO PARA DETECCIÓN DE LA PRODUCCIÓN DE NIACINA POR MICOBACTERIAS.",NULL,NULL,NULL
"LAB0215","LC","1689","0","1","0","0","TIRAS PARA LA PRUEBA DE OXIDASA BACTERIANA. ENVASE CON 50. RTC.",NULL,NULL,NULL
"LAB0216","LC","1689","0","0","0","0","CREATINA QUINASA (CK) TOTAL",NULL,NULL,NULL
"LAB0217","LC","1689","0","0","0","0","CK-MB",NULL,NULL,NULL
"LAB0218","LC","1689","0","0","0","0","FERRITINA",NULL,NULL,NULL
"LAB0219","LC","1689","0","1","0","0","PRUEBAS DE COMPATIBILIDAD PLAQUETARIA CAPTURE-P",NULL,NULL,NULL
"LAB0220","LC","1689","0","1","0","0","TARJETAS DG GEL DC SCAN AHG IGG C3D CTL",NULL,NULL,NULL
"LAB0221","LC","1689","0","1","0","0","MICROCUBETA PARA DETERMINAR HEMOGLOBINA CAPILAR. COMPATIBLE CON LA MARCA HEMOCUE. FRASCO C/50",NULL,NULL,NULL
"LAB0222","LC","1689","0","1","0","0","HEMOGLOBINA GLICOSILADA A1CNOW. CAJA CON 10 Y UN MEDIDOR PORTÁTIL DESECHABLE",NULL,NULL,NULL
"LAB0223","LC","1689","0","1","0","0","TIRAS REACTIVAS PERFIL DE LÍPIDOS COMPATIBLE CON LA MARCA CARDIOCHEK. FRASCO C/15",NULL,NULL,NULL
"LAB0224","LC","1689","0","1","0","0","TIRAS REACTIVAS PARA GLUCOSA CAPILAR F/50",NULL,NULL,NULL
"LAB0225","LC","1689","0","1","0","0","PAÑOS PARA LIMPIEZA. COMPATIBLES CON LA MARCA HEMOCUE",NULL,NULL,NULL
"LAB0226","LC","1689","0","0","0","0","KIT DE HEMOCLASIFICADORES FUERA DEL SISTEMA ABO Y RH. INCLUYE ANTICUERPOS PARA LA DETECCIÓN DE LOS SISTEMAS SANGUÍNEOS DIEGO A (Día), KELL (K, k, Kpa Y Kpb), LEWIS (Lea Y Leb), DUFFY (Fya Y Fyb), MNS (S, s, u, M Y N) Y KIDD (Jka Y Jkb) EN VIALES DE 2 ML.",NULL,NULL,NULL
"LAB0227","LC","1689","0","0","0","0","CONTROL DE CITOMETRÍA HEMATOLÓGICA (HEMATOLOGÍA)",NULL,NULL,NULL
"LAB0228","LC","1689","0","0","0","0","KIT PARA LA REMOCIÓN DE ANTICUERPOS IRREGULARES, PRESERVANDO DICHOS ANTICUERPOS IRREGULARES.",NULL,NULL,NULL
"LAB0229","LC","1689","0","0","0","0","KIT PARA LA REMOCIÓN DE ANTICUERPOS IRREGULARES, PRESERVANDO LOS ANTÍGENOS ERITROCITARIOS",NULL,NULL,NULL
"LAB0230","LC","1689","0","0","0","0","PRUEBA DE AMPLIFICACIÓN DE ÁCIDOS NUCLEICOS (NAT). INCLUYE INSTRUMENTOS, CAPACITACIÓN, INSTALACIÓN, SERVICIO DE INGENIERÍA Y ACTUALIZACIONES DE TECNOLOGÍA.",NULL,NULL,NULL
"LAB0231","LC","1689","0","0","0","0","SISTEMA DE CONTROL DE CALIDAD PARA PRUEBAS INMUNOHEMATOLÓGICAS, PARA PARÁMETROS COMO GRUPO ABO Y RH, FENOTIPO DEL ANTÍGENO D (RH), COOMBS DIRECTO E INDIRECTO, RASTREO E IDENTIFICACIÓN DE ANTICUERPOS ANTIREGULARES. INCLUYE PROGRAMA DE EVALUACIÓN EXTERNA.",NULL,NULL,NULL
"LAB0232","LC","1689","0","0","0","0","SISTEMA INTEGRAL DE CONTROL DE CALIDAD PARA BIOMETRÍAS HEMÁTICAS, PARA PARÁMETROS DE LA SERIE ROJA, LEUCOCITOS TOTALES Y 7 PARÁMETROS EN EL DIFERENCIAL DE LEUCOS. INCLUYE CONTROLES INTERNOS DIARIOS Y PROGRAMA DE EVALUACIÓN EXTERNA.",NULL,NULL,NULL
"LAB0233","LC","1689","0","0","0","0","SISTEMA INTEGRAL DE CONTROL DE CALIDAD PARA ENFERMEDADES DE TRANSMISIÓN POR VÍA SANGUÍNEA, PARA ANTI VIH 1/2, VHBSAG, SÍFILIS, CHAGAS, ANTI HCV POSITIVO Y NEGATIVO. INCLUYE PROGRAMA DE EVALUACIÓN EXTERNA.",NULL,NULL,NULL
"LAB0234","LC","1689","0","0","0","0","SISTEMA INTEGRAL DE CONTROL DE CALIDAD PARA LA DETECCIÓN DE VIRUS INFECCIOSO TRANSMITIDO POR VÍA SANGUÍNEA (VIH, VHB, VHC). INCLUYE PROGRAMA DE EVALUACIÓN EXTERNA.",NULL,NULL,NULL
"LAB0235","LC","1689","0","0","0","0","SUERO GAMMA LO-ION FRASCO DE 10 ML",NULL,NULL,NULL
"LAB0236","LC","1689","0","1","0","0","TARJETAS DE GEL NEUTRAS (SIN ANTICUERPOS) PARA LA REALIZACIÓN DE INVESTIGACIÓN E IDENTIFICACIÓN DE ANTICUERPOS IRREGULARES, PRUEBAS CRUZADAS, AUTOCONTROL, TIPAJE DE HEMATÍES Y DETERMINACIÓN DEL GRUPO SÉRICO. CAJA CON 50 TARJETAS (CADA TARJETA EQUIVALE A 4 PRUEBAS). INCLUYE CONTROLES",NULL,NULL,NULL
"LAB0237","LC","1689","0","1","0","0","CONTROL DE CALIDAD INTERNO PARA SEROLOGÍA, MULTIMARCADOR NEGATIVO PARA VIH, VHC, SÍFILIS Y CHAGAS. CAJA CON 12 FRASCOS DE 3.5 ML.",NULL,NULL,NULL
"LAB0238","LC","1689","0","1","0","0","CONTROL DE CALIDAD INTERNO PARA SEROLOGÍA, MULTIMARCADOR POSITIVO PARA VIH, VHC, Y VHB. CAJA CON 6 FRASCOS DE 3.5 ML",NULL,NULL,NULL
"LAB0239","LC","1689","0","1","0","0","CONTROL DE CALIDAD INTERNO PARA SEROLOGÍA, MULTIMARCADOR POSITIVO PARA CHAGAS. CAJA CON 6 VIALES DE 3.5 ML",NULL,NULL,NULL
"LAB0240","LC","1689","0","1","0","0","CONTROL DE CALIDAD INTERNO PARA SEROLOGÍA, MULTIMARCADOR POSITIVO PARA SÍFILIS. CAJA CON 3 VIALES DE 2 ML",NULL,NULL,NULL
"LAB0241","LC","1689","0","0","0","0","DETERMINACIONES DEL SISTEMA ABO/Rh, EN TARJETA DE GEL. INCLUYE UN VIAL DE 10 ML DE CÉLULAS A1 Y UN VIAL DE CÉLULAS B. INCLUYE VIAL DE CÉLULAS A2 Y VIAL DE CÉLULAS 0, SOLUCIÓN DILUYENTE, SOLUCIONES CONCENTRADAS DE LAVADO PARA EL EQUIPO AUTOMATIZADO CON 50 TARJETAS. INCLUYE CONTROLES.",NULL,NULL,NULL
"LAB0242","LC","1689","0","1","0","0","ENSAYO INMUNOENZIMÁTICO DE MICROPARTÍCULAS DE TERCERA GENERACIÓN PARA LA DETECCIÓN DE ANTICUERPO CONTRA TRIPANOSOMA CRUZI (CHAGAS) EN SUERO O PLASMA. CAJA CON 96 PRUEBAS.",NULL,NULL,NULL
"LAB0243","LC","1689","0","1","0","0","ENSAYO INMUNOENZIMÁTICO DE MICROPARTÍCULAS DE TERCERA GENERACIÓN PARA LA DETECCIÓN DE ANTICUERPO CONTRA EL TREPONEMA PALLIDUM (TP-SYPHILIS) EN SUERO O PLASMA HUMANO. KIT DE 96 PRUEBAS.",NULL,NULL,NULL
"LAB0244","LC","1689","0","1","0","0","ENSAYO INMUNOENZIMÁTICO O POR QUIMIOLUMINISCENCIA PARA LA DETECCIÓN DE ANTICUERPOS CONTRA EL VIRUS C DE LA HEPATITIS (ANTI-VHC), EN SUERO O PLASMA HUMANO. KIT DE 96 PRUEBAS.",NULL,NULL,NULL
"LAB0245","LC","1689","0","1","0","0","ENSAYO INMUNOENZIMÁTICO O POR QUIMIOLUMINISCENCIA PARA LA DETECCIÓN SIMULTÁNEA DE ANTICUERPOS CONTRA EL VIRUS DE LA INMUNODEFICIENCIA HUMANA (Anti-VIH 1 / VIH 2 INCLUYENDO GRUPO O) Y EL ANTÍGENO p24 DEL HIV, EN SUERO O PLASMA HUMANO. CAJA CON 96 PRUEBAS.",NULL,NULL,NULL
"LAB0246","LC","1689","0","1","0","0","ENSAYO INMUNOENZIMÁTICO O POR QUIMIOLUMINISCENCIA PARA LA DETECCIÓN SIMULTÁNEA DE ANTICUERPOS ESPECÍFICOS IgG E IgM, CONTRA PLASMODIUM SPP. EN SUERO O PLASMA HUMANO. CAJA CON 96 PRUEBAS.",NULL,NULL,NULL
"LAB0247","LC","1689","0","1","0","0","ENSAYO INMUNOENZIMÁTICO O POR QUIMIOLUMINISCENCIA PARA LA IDENTIFICACIÓN DEL ANTÍGENO DE SUPERFICIE DEL VIRUS B DE LA HEPATITIS (HBsAg), CON CAPACIDAD PARA DETECTAR LOS DIFERENTES MUTANTES ANTIGÉNICOS DEL ANTÍGENO DE SUPERFICIE DEL VIRUS B DE LA HEPATITIS. KIT DE 96 PRUEBAS.",NULL,NULL,NULL
"LAB0248","LC","1689","0","0","0","0","FENOLFTALÉINA AL 1%. FRASCO CON 1000 ML.",NULL,NULL,NULL
"LAB0249","LC","1689","0","0","0","0","TARJETAS DE DG GEL (COOMBS) PARA PRUEBAS DE COMPATIBILIDAD. INCLUYE UN KIT DE CÉLULAS PARA RASTREO Y UN KIT DE CÉLULAS DE IDENTIFICACIÓN DE CUERPOS IRREGULARES. CON 50 TARJETAS. INCLUYE CONTROLES.",NULL,NULL,NULL
"LAB0250","LC","1689","0","1","0","0","JUEGOS DE REACTIVOS PARA PRUEBAS ESPECÍFICAS. HERPES SIMPLE TIPOS 1 Y 2. IGM. PARA DETERMINAR POR TÉCNICA INMUNOENZIMÁTICA ANTICUERPOS IGM. PARA MÍNIMO 96 PRUEBAS. RTC.",NULL,NULL,NULL
"LAB0251","LC","1689","0","0","0","0","ACEITE MINERAL. FRASCO CON 60 ML.",NULL,NULL,NULL
"LAB0252","LC","1689","0","0","0","0","AGAR BIGGY. PARA EL AISLAMIENTO DE LEVADURAS DEL GÉNERO CÁNDIDA. FRASCO CON 450 G.",NULL,NULL,NULL
"LAB0253","LC","1689","0","0","0","0","AGAR CHROMAGAR. FRASCO CON 450 G.",NULL,NULL,NULL
"LAB0254","LC","1689","0","0","0","0","AGAR DEXTROSA SABORAUD. FRASCO CON 450 G.",NULL,NULL,NULL
"LAB0255","LC","1689","0","0","0","0","AGAR DEXTROSA Y PAPA. FRASCO CON 450 G.",NULL,NULL,NULL
"LAB0256","LC","1689","0","0","0","0","AGAR LISINA Y HIERRO (LIA). FRASCO CON 450 G. TA.",NULL,NULL,NULL
"LAB0257","LC","1689","0","0","0","0","AGAR MAC CONKEY. MEDIO SELECTIVO PARA EL AISLAMIENTO DE COLIFORMES. FRASCO CON 450 G. TA.",NULL,NULL,NULL
"LAB0258","LC","1689","0","0","0","0","AGAR SAL Y MANITOL. FRASCO CON 450 G.",NULL,NULL,NULL
"LAB0259","LC","1689","0","0","0","0","AGAR SULFITO DE BISMUTO. AISLAMIENTO DE SALMONELLA TYPHI. FRASCO CON 450 G. TA.",NULL,NULL,NULL
"LAB0260","LC","1689","0","0","0","0","AGAR VERDE BRILLANTE. MEDIO SELECTIVO Y DIFERENCIA DE ENTEROBACTERIAS PATÓGENAS Y PRINCIPALMENTE SALMONELLA. FRASCO CON 450 G. TA.",NULL,NULL,NULL
"LAB0261","LC","1689","0","0","0","0","AGAR XLD FRASCO CON 450 G.",NULL,NULL,NULL
"LAB0262","LC","1689","0","1","0","0","AGUA CALIDAD PCR, BIDESTILADA, DESIONIZADA, ESTÉRIL, LIBRE DE ENDONUCLEASAS Y RIBONUCLEASAS. CAJA CON 4 VIALES DE 25 ML.",NULL,NULL,NULL
"LAB0263","LC","1689","0","1","0","0","AGUA CALIDAD PCR, LIBRE DE PIRÓGENOS, RNASAS Y DNASAS, ESTÉRIL, CAJA CON 25 VIALES CON 1 MILILITRO CADA UNO.",NULL,NULL,NULL
"LAB0264","LC","1689","0","0","0","0","AGUA HPLC GARRAFA DE 4 LITROS",NULL,NULL,NULL
"LAB0265","LC","1689","0","0","0","0","ALCOHOL DESNATURALIZADO AL 70%. FRASCO CON 1 LITRO",NULL,NULL,NULL
"LAB0266","LC","1689","0","0","0","0","ALCOHOL ETÍLICO ABSOLUTO (ETANOL). RA. ACS. FRASCO CON 1000 ML. TA.",NULL,NULL,NULL
"LAB0267","LC","1689","0","0","0","0","ALCOHOL ETÍLICO CON 96oGL. TÉCNICO. ENVASE CON 18 LITROS. TA.",NULL,NULL,NULL
"LAB0268","LC","1689","0","0","0","0","ALCOHOL ETÍLICO CON 96oGL. TÉCNICO. FRASCO CON 1000 ML. TA.",NULL,NULL,NULL
"LAB0269","LC","1689","0","0","0","0","ALCOHOL METÍLICO (LIBRE DE ACETONA). RA. ACS. FRASCO CON 1000 ML. TA.",NULL,NULL,NULL
"LAB0270","LC","1689","0","0","0","0","ALCOHOL METÍLICO (METANOL) GRADO HPLC, GARRAFA CON 4 LITROS QUE INCLUYA HOJA DE SEGURIDAD",NULL,NULL,NULL
"LAB0271","LC","1689","0","0","0","0","ALCOHOL METÍLICO (METANOL) REACTIVO ANALÍTICO DE 1 L",NULL,NULL,NULL
"LAB0272","LC","1689","0","0","0","0","API 20 E *JUEGO DE 7 REVELADORES, TDA, VP1, VP2, NIT1, NIT2, INDOL Y OXIDASA*",NULL,NULL,NULL
"LAB0273","LC","1689","0","1","0","0","EQUIPO DE ELISA PARA DETECCIÓN DE ANTICUERPOS IGG CONTRA EL VIRUS DE LA RUBEOLA CON 96 PRUEBAS (TORCH).",NULL,NULL,NULL
"LAB0274","LC","1689","0","1","0","0","EQUIPO DE ELISA PARA DETECCIÓN DE ANTICUERPOS IGG CONTRA TOXOPLASMA GONDII. PARA 96 PRUEBAS",NULL,NULL,NULL
"LAB0275","LC","1689","0","1","0","0","EQUIPO DE ELISA PARA DETECCIÓN DE ANTICUERPOS IGM CONTRA LA VARICELA. PARA 96 PRUEBAS",NULL,NULL,NULL
"LAB0276","LC","1689","0","1","0","0","EQUIPO DE ELISA PARA DETECCIÓN DE ANTICUERPOS IGM CONTRA TOXOPLASMA GONDII. PARA 96 PRUEBAS",NULL,NULL,NULL
"LAB0277","LC","1689","0","1","0","0","EQUIPO DE ELISA PARA DETECCIÓN DE ANTICUERPOS IGG CONTRA CITOMEGALOVIRUS. CON 96 PRUEBAS",NULL,NULL,NULL
"LAB0278","LC","1689","0","1","0","0","EQUIPO DE ELISA PARA DETECCIÓN DE ANTICUERPOS IGM CONTRA CITOMEGALOVIRUS. CON 96 PRUEBAS",NULL,NULL,NULL
"LAB0279","LC","1689","0","0","0","0","EQUIPO PARA LA DETERMINACIÓN DE ELISA PARA ANTICUERPOS CONTRA EL TREPONEMA PALLIDUM",NULL,NULL,NULL
"LAB0280","LC","1689","0","0","0","0","EXTRÁN LÍQUIDO. GALÓN DE 4 LITROS",NULL,NULL,NULL
"LAB0281","LC","1689","0","1","0","0","JERINGA DESECHABLE DE 10 ML. C/AGUJA 22 X 32 C/100 PZAS.",NULL,NULL,NULL
"LAB0282","LC","1689","0","1","0","0","JERINGA DESECHABLE DE 10 ML. C/AGUJA 22 X 36 C/100 PZAS.",NULL,NULL,NULL
"LAB0283","LC","1689","0","1","0","0","JERINGA DESECHABLE DE 5 ML. C/AGUJA 21 X 32 C/100 PZAS.",NULL,NULL,NULL
"LAB0284","LC","1689","0","1","0","0","JERINGAS DE PLÁSTICO GRADO MÉDICO DE 5 ML DE CAPACIDAD, ESCALA GRADUADA EN ML. CON DIVISIONES DE 1.0 ML Y SUBDIVISIONES DE 0.2 Y AGUJA DE 20 G Y 38 MM DE LONGITUD, ESTÉRIL Y DESECHABLE. CAJA CON 200 PIEZAS.",NULL,NULL,NULL
"LAB0285","LC","1689","0","1","0","0","JUEGOS DE REACTIVOS PARA PRUEBAS ESPECÍFICAS. PRUEBA INMUNOENZIMÁTICA PARA LA CONFIRMACIÓN DE ANTICUERPOS IGG DEL VIRUS DE LA HEPATITIS C, POR MEDIO DE ANTÍGENOS RECOMBINANTES O PÉPTIDOS SINTÉTICOS. PARA 96 PRUEBAS. RTC.",NULL,NULL,NULL
"LAB0286","LC","1689","0","1","0","0","JUEGOS DE REACTIVOS PARA PRUEBAS ESPECÍFICAS. DENGUE. IGM. PARA DETERMINAR POR PRUEBA INMUNOENZIMÁTICA ANTICUERPOS CONTRA EL DENGUE: IGG ANTÍGENO INACTIVADO CON LOS CUATRO SEROTIPOS (1,2,3 Y 4). PARA MÍNIMO 96 PRUEBAS.",NULL,NULL,NULL
"LAB0287","LC","1689","0","1","0","0","JUEGO DE REACTIVOS PARA PRUEBAS ESPECÍFICAS. PRUEBA DE COMPROBACIÓN PARA ANTICUERPOS VIH. WESTERN BLOT (INMUNOELECTROTRANSFERENCIA). PARA MÍNIMO 18 PRUEBAS. RTC.",NULL,NULL,NULL
"LAB0288","LC","1689","0","1","0","0","JUEGO DE REACTIVOS PARA PRUEBAS ESPECÍFICAS. SERODIA AP CHAGAS, ANTÍGENOS PÉPTIDOS SINTÉTICOS. ESTUCHE PARA 96 PRUEBAS.",NULL,NULL,NULL
"LAB0289","LC","1689","0","1","0","0","PLACA PARA INOCULACIÓN DE PÁNELES COMPATIBLE CON EQUIPO MISCROSCAN. CAJA CON 240 PLACAS.",NULL,NULL,NULL
"LAB0290","LC","1689","0","1","0","0","PRUEBA DE DETECCIÓN RÁPIDA, INMUNOCROMATOGRÁFICA DE UN SOLO USO PARA LA DETECCIÓN DE ANTICUERPOS CONTRA EL VIRUS DE LA INMUNODEFICIENCIA HUMANA TIPOS 1 Y 2 (VIH 1/2) Y DE TREPONEMA PALLIDUM (SÍFILIS). EN SUERO, PLASMA O SANGRE TOTAL.",NULL,NULL,NULL
"LAB0291","LC","1689","0","0","0","0","ACETONA.",NULL,NULL,NULL
"LAB0292","LC","1689","0","1","0","0","AGUJA P/TOMA SENCILLA O MULTIPLE CON BROCHE DE SEGURIDAD 21GX32 MM",NULL,NULL,NULL
"LAB0293","LC","1689","0","0","0","0","ALCOHOL ETILICO 96 %",NULL,NULL,NULL
"LAB0294","LC","1689","0","1","0","0","AMPOLLETAS BACILLUS (STEAROTHERMOPHILLUS)",NULL,NULL,NULL
"LAB0295","LC","1689","0","1","0","0","APLICADORES DE MADERA SIMPLE",NULL,NULL,NULL
"LAB0296","LC","1689","0","0","0","0","ASAS CALIBRADAS DE ALUMINIO 0.001",NULL,NULL,NULL
"LAB0297","LC","1689","0","0","0","0","ASAS CALIBRADAS DE ALUMINIO 0.01",NULL,NULL,NULL
"LAB0298","LC","1689","0","0","0","0","CALIBRADOR BERNIER",NULL,NULL,NULL
"LAB0299","LC","1689","0","1","0","0","BOLSAS RECOLECTORAS P/ORINA NIÑA",NULL,NULL,NULL
"LAB0300","LC","1689","0","1","0","0","BOLSAS RECOLECTORAS P/ORINA NIÑO",NULL,NULL,NULL
"LAB0301","LC","1689","0","0","0","0","BUFFER P/TINCION DE WRIGHT",NULL,NULL,NULL
"LAB0302","LC","1689","0","1","0","0","CAJAS PETRI SENCILLAS",NULL,NULL,NULL
"LAB0303","LC","1689","0","0","0","0","CAMARA DE NEWBAUER",NULL,NULL,NULL
"LAB0304","LC","1689","0","0","0","0","CANULA METALICA P/LLENADO DE TUBO WINTROBE",NULL,NULL,NULL
"LAB0305","LC","1689","0","0","0","0","CINTA TESTIGO",NULL,NULL,NULL
"LAB0306","LC","1689","0","0","0","0","CRONOMETRO DIGITAL DE 2 TIEMPOS",NULL,NULL,NULL
"LAB0307","LC","1689","0","1","0","0","CUBRE OBJETOS DE 22X22 MM.",NULL,NULL,NULL
"LAB0308","LC","1689","0","1","0","0","CUBRE OBJETOS DE 24X50 MM",NULL,NULL,NULL
"LAB0309","LC","1689","0","0","0","0","DETERGENTE PARA LAVADO DE MATERIAL DE VIDRIO, PLASTICO Y PORCELANA CON ELIMINACION COMPLETA DE TRAZAS Y RESIDUOS, BIODEGRADABLE, NEUTRO.",NULL,NULL,NULL
"LAB0310","LC","1689","0","0","0","0","EOSINA",NULL,NULL,NULL
"LAB0311","LC","1689","0","0","0","0","ESCOBILLON DE CERDAS P/TUBO ENSAYE 10 X 75",NULL,NULL,NULL
"LAB0312","LC","1689","0","0","0","0","ESCOBILLON DE CERDAS P/TUBO ENSAYE 13 X 100",NULL,NULL,NULL
"LAB0313","LC","1689","0","0","0","0","ESCOBILLON PARA TUBO DE ENSAYE 12 X 75",NULL,NULL,NULL
"LAB0314","LC","1689","0","0","0","0","ESPATULAS",NULL,NULL,NULL
"LAB0315","LC","1689","0","0","0","0","ESPEJOS VAGINALES DESECHABLES MEDIANOS",NULL,NULL,NULL
"LAB0316","LC","1689","0","0","0","0","FORMOL 37%",NULL,NULL,NULL
"LAB0317","LC","1689","0","0","0","0","FRASCOS PARA COPROANALISIS",NULL,NULL,NULL
"LAB0318","LC","1689","0","0","0","0","GRADILLA DE PLASTICO DE 15 X 6 TUBOS",NULL,NULL,NULL
"LAB0319","LC","1689","0","0","0","0","GRADILLA PARA TUBO DE WINTROBE",NULL,NULL,NULL
"LAB0320","LC","1689","0","0","0","0","HEMOCOLORANTE RAPIDO (HYLSEL)",NULL,NULL,NULL
"LAB0321","LC","1689","0","1","0","0","HOLDER AMARILLO CONVENCIONAL",NULL,NULL,NULL
"LAB0322","LC","1689","0","0","0","0","ISOPOS ESTERILES CON MANGO DE PLASTICO",NULL,NULL,NULL
"LAB0323","LC","1689","0","0","0","0","JARRA TIPO BREWER",NULL,NULL,NULL
"LAB0324","LC","1689","0","0","0","0","KIT CON VASO ESTERIL PARA RECOLECCION CON TAPA DE ROSCA CON DISPOSITIVO DE TRANSFERENCIA INTEGRADO Y TUBO CONICO DE PLASTICO CON CONSERVADOR DE 8.0mL, 16X100mm PARA ANALISIS DE ORINA",NULL,NULL,NULL
"LAB0325","LC","1689","0","0","0","0","KIT CON VASO ESTERIL PARA RECOLECCION CON TAPA DE ROSCA CON DISPOSITIVO DE TRANSFERENCIA INTEGRADO Y TUBO CONICO DE PLASTICO SIN CONSERVADOR DE 8.0mL, 16X100mm PARA ANALISIS DE ORINA",NULL,NULL,NULL
"LAB0326","LC","1689","0","0","0","0","LAPIZ CON PUNTA DE DIAMANTE",NULL,NULL,NULL
"LAB0327","LC","1689","0","0","0","0","MANGUERA DE LATEX PARA MECHERO DE BUNSEN",NULL,NULL,NULL
"LAB0328","LC","1689","0","0","0","0","MATRAZ BOLA FONDO PLANO 1000 ML",NULL,NULL,NULL
"LAB0329","LC","1689","0","0","0","0","MATRAZ DE VIDRIO TIPO ERLENMEYER CAP. 1000 ML.",NULL,NULL,NULL
"LAB0330","LC","1689","0","0","0","0","MATRAZ DE VIDRIO TIPO ERLENMEYER CAP. 250 ML",NULL,NULL,NULL
"LAB0331","LC","1689","0","0","0","0","MATRAZ DE VIDRIO TIPO ERLENMEYER CAP. 500 ML",NULL,NULL,NULL
"LAB0332","LC","1689","0","0","0","0","MATRAZ VOLUMETRICO CAP. 1000 ML",NULL,NULL,NULL
"LAB0333","LC","1689","0","0","0","0","MATRAZ VOLUMETRICO CAP. 500 ML",NULL,NULL,NULL
"LAB0334","LC","1689","0","0","0","0","MECHERO DE BUNSEN",NULL,NULL,NULL
"LAB0335","LC","1689","0","0","0","0","MECHERO DE FISHER",NULL,NULL,NULL
"LAB0336","LC","1689","0","1","0","0","NAVAJAS PARA CONECTOR ESTERIL",NULL,NULL,NULL
"LAB0337","LC","1689","0","0","0","0","PAPEL PARAFILM",NULL,NULL,NULL
"LAB0338","LC","1689","0","0","0","0","PIPETA AUT. DE VOL. FIJO DE 05 UL",NULL,NULL,NULL
"LAB0339","LC","1689","0","0","0","0","PIPETA AUT. DE VOL. FIJO DE 10 UL",NULL,NULL,NULL
"LAB0340","LC","1689","0","0","0","0","PIPETA AUT. DE VOL. FIJO DE 1000UL",NULL,NULL,NULL
"LAB0341","LC","1689","0","0","0","0","PIPETA AUT. DE VOL. FIJO DE 100UL",NULL,NULL,NULL
"LAB0342","LC","1689","0","0","0","0","PIPETA AUT. DE VOL. FIJO DE 25 UL",NULL,NULL,NULL
"LAB0343","LC","1689","0","0","0","0","PIPETA AUT. DE VOL. FIJO DE 5 UL",NULL,NULL,NULL
"LAB0344","LC","1689","0","0","0","0","PIPETA AUT. DE VOL. FIJO DE 500UL",NULL,NULL,NULL
"LAB0345","LC","1689","0","0","0","0","PIPETA AUT. DE VOL. FIJO DE 50UL",NULL,NULL,NULL
"LAB0346","LC","1689","0","0","0","0","PIPETA VOL. VARIABLE DE 5 A 50 UL",NULL,NULL,NULL
"LAB0347","LC","1689","0","0","0","0","PIPETAS GRADUADAS DE VIDRIO DE 1 ML",NULL,NULL,NULL
"LAB0348","LC","1689","0","0","0","0","PIPETAS GRADUADAS DE VIDRIO DE 10 ML",NULL,NULL,NULL
"LAB0349","LC","1689","0","0","0","0","PIPETAS GRADUADAS DE VIDRIO DE 3 ML",NULL,NULL,NULL
"LAB0350","LC","1689","0","0","0","0","PIPETAS GRADUADAS DE VIDRIO DE 5 ML",NULL,NULL,NULL
"LAB0351","LC","1689","0","1","0","0","PIPETAS PASTEUR PUNTA CORTA (VIDRIO)",NULL,NULL,NULL
"LAB0352","LC","1689","0","1","0","0","PIPETAS PASTEUR PUNTA LARGA (VIDRIO)",NULL,NULL,NULL
"LAB0353","LC","1689","0","1","0","0","PIPETAS TRANSFER DESECHABLES 3ML",NULL,NULL,NULL
"LAB0354","LC","1689","0","0","0","0","PIPETAS VOL. VARIABLE 100 - 500",NULL,NULL,NULL
"LAB0355","LC","1689","0","0","0","0","PIPETAS VOL. VARIABLE 100-1000",NULL,NULL,NULL
"LAB0356","LC","1689","0","0","0","0","PIPETAS VOL. VARIABLE 10-100",NULL,NULL,NULL
"LAB0357","LC","1689","0","0","0","0","PIZETA DE 250 ML",NULL,NULL,NULL
"LAB0358","LC","1689","0","0","0","0","PIZETA DE 500 ML",NULL,NULL,NULL
"LAB0359","LC","1689","0","0","0","0","PLACA DE PORCELANA C/12 ESCABACIONES",NULL,NULL,NULL
"LAB0360","LC","1689","0","0","0","0","PLACAS DE CRISTAL PARA GLUTINACION ( 30 CIRCULOS)",NULL,NULL,NULL
"LAB0361","LC","1689","0","1","0","0","PLACAS KOVAC",NULL,NULL,NULL
"LAB0362","LC","1689","0","1","0","0","PORTA OBJETOS",NULL,NULL,NULL
"LAB0363","LC","1689","0","0","0","0","PROBETA GRADUADA DE PLASTICO CAP. 1000 ML",NULL,NULL,NULL
"LAB0364","LC","1689","0","1","0","0","PUNTILLAS AMARILLAS",NULL,NULL,NULL
"LAB0365","LC","1689","0","1","0","0","PUNTILLAS AZULES",NULL,NULL,NULL
"LAB0366","LC","1689","0","1","0","0","PUNTILLAS BLANCAS DE 0.1-10 μl",NULL,NULL,NULL
"LAB0367","LC","1689","0","1","0","0","S-MONOVETTE ESTERIL PARA TOMA DE SANGRE, CON CITRATO DE SODIO COMO ANTICOAGULANTE 1.4 ML",NULL,NULL,NULL
"LAB0368","LC","1689","0","1","0","0","S-MONOVETTE ESTERIL, PARA TOMA DE SANGRE, CON EDTA COMO ANTICOAGULANTE 1.2 ML",NULL,NULL,NULL
"LAB0369","LC","1689","0","1","0","0","S-MONOVETTE ESTERIL, PARA TOMA DE SANGRE, SIN ANTICOAGULANTE ,CAPACIDAD MINIMA DE 1.2 ML",NULL,NULL,NULL
"LAB0370","LC","1689","0","0","0","0","TERMOMETRO DE MERCURIO CON ESCALA DE -35 A 50°C",NULL,NULL,NULL
"LAB0371","LC","1689","0","0","0","0","TERMOMETRO DE MERCURIO GRADUADO CON ESCALA DE -20 A 110°C",NULL,NULL,NULL
"LAB0372","LC","1689","0","0","0","0","TERMOMETRO PARA TEMPERATURA AMBIENTE",NULL,NULL,NULL
"LAB0373","LC","1689","0","0","0","0","TIJERAS QUIRURGICAS ESTANDAR",NULL,NULL,NULL
"LAB0374","LC","1689","0","1","0","0","TORNIQUETE STRECH (LIBRE DE LATEX)",NULL,NULL,NULL
"LAB0375","LC","1689","0","1","0","0","TUBO AL VACIO ESTERIL, PARA TOMA DE SANGRE, CON CITRATO DE SODIO COMO ANTICOAGULANTE 1.8 ML",NULL,NULL,NULL
"LAB0376","LC","1689","0","1","0","0","TUBO AL VACIO ESTERIL, PARA TOMA DE SANGRE, CON EDTA COMO ANTICOAGULANTE 5 ML",NULL,NULL,NULL
"LAB0377","LC","1689","0","1","0","0","TUBO AL VACIO ESTERIL, PARA TOMA DE SANGRE, SIN ANTICOAGULANTE 7 ML",NULL,NULL,NULL
"LAB0378","LC","1689","0","1","0","0","TUBO CAPILAR (PARA MUESTRAS PEDIATRICAS)",NULL,NULL,NULL
"LAB0379","LC","1689","0","1","0","0","TUBO DE ENSAYE DE CRISTAL DE 12 X 75MM",NULL,NULL,NULL
"LAB0380","LC","1689","0","1","0","0","TUBO DE ENSAYE DE CRISTAL DE 13 X 100MM",NULL,NULL,NULL
"LAB0381","LC","1689","0","1","0","0","TUBO DE WINTROBE (PIREX)",NULL,NULL,NULL
"LAB0382","LC","1689","0","0","0","0","TUBOS DE ENSAYO CON ROSCA 13X100",NULL,NULL,NULL
"LAB0383","LC","1689","0","0","0","0","TUBOS DE ENSAYO CON ROSCA 16X150",NULL,NULL,NULL
"LAB0384","LC","1689","0","0","0","0","VASO DE PRECIPITADO DE VIDRIO CAP. 500ML",NULL,NULL,NULL
"LAB0385","LC","1689","0","1","0","0","VSG MICROVETTE`S",NULL,NULL,NULL
"LAB0386","LC","1689","0","0","0","0","XILOL",NULL,NULL,NULL
"LAB0387","LC","1689","0","0","0","0","ALCOHOL ABSOLUTO ETANOL",NULL,NULL,NULL
"LAB0388","LC","1689","0","0","0","0","RESINA SINTÉTICA CON XILOL",NULL,NULL,NULL
"LAB0389","LC","1689","0","0","0","0","PARAFINA PARA USO HISTOLÓGICO",NULL,NULL,NULL
"LAB0390","LC","1689","0","0","0","0","HEMATOXILINA LÍQUIDA",NULL,NULL,NULL
"LAB0391","LC","1689","0","0","0","0","EQUIPO DE ZIEL-NIELSEN",NULL,NULL,NULL
"LAB0392","LC","1689","0","0","0","0","GIEMSA LÍQUIDA",NULL,NULL,NULL
"LAB0393","LC","1689","0","0","0","0","EQUIPO DE GRAM",NULL,NULL,NULL
"LAB0394","LC","1689","0","0","0","0","REACTIVO DE SCHIFF LÍQUIDA",NULL,NULL,NULL
"LAB0395","LC","1689","0","0","0","0","FUSINA BÁSICA POLVO",NULL,NULL,NULL
"LAB0396","LC","1689","0","0","0","0","BISULFITO DE SODIO",NULL,NULL,NULL
"LAB0397","LC","1689","0","0","0","0","ÁCIDO FOSFOTUNSTICO",NULL,NULL,NULL
"LAB0398","LC","1689","0","0","0","0","FORMOL AL 60%",NULL,NULL,NULL
"LAB0399","LC","1689","0","0","0","0","ACEITE DE INMERSIÓN",NULL,NULL,NULL
"LAB0400","LC","1689","0","0","0","0","AGUA DESTILADA",NULL,NULL,NULL
"LAB0401","LC","1689","0","1","0","0","AGUJA PARA RECOLECCIÓN DE SANGRE 21GX38MM CON 100 PZAS COMPATIBLE CON LA MARCA VACUTAINER",NULL,NULL,NULL
"LAB0402","LC","1689","0","0","0","0","ALGODÓN EN TORUNDAS CON 500 GR",NULL,NULL,NULL
"LAB0403","LC","1689","0","1","0","0","APLICADORES DE MADERA CON 1000 PZAS SIN ALGODÓN",NULL,NULL,NULL
"LAB0404","LC","1689","0","0","0","0","ASA ESTERIL DESECHABLE DE PLÁSTICO CAPACIDAD 10 MICROLITROS CON ENVOLTURA INDIVIDUAL",NULL,NULL,NULL
"LAB0405","LC","1689","0","1","0","0","ASAS DE PLÁSTICO DESECHABLES, COLOR AMARILLO, DE 1O MICROLITROS, BOLSA CON 10 PIEZAS",NULL,NULL,NULL
"LAB0406","LC","1689","0","1","0","0","ASAS PARA SIEMBRA DE MEDIOS DE CULTIVO EN ESTUDIOS BACTERIOLÓGICOS, DE ALAMBRE DE NICROMEL. DIÁMETRO DEL ASA: 3 MM. LONGITUD DEL MANFO: 20 CM. PAQUETE CON 12",NULL,NULL,NULL
"LAB0407","LC","1689","0","0","0","0","BARRA AGITADORA OCTAGONAL DE 1 X 3/8 DE DIÁMETRO RECUBIERTA CON TEFLÓN",NULL,NULL,NULL
"LAB0408","LC","1689","0","0","0","0","BOLSA CUADRUPLE: BOLSA MATRIZ CON 63 ML DE SOLUCIÓN ANTICOAGULANTE CDP PARA RECOLECCIÓN DE 450 ML CON AGUJA DE 15 Ó 16 G, BOLSA SATÉLITE PARA PURGAR LOS PRIMEROS 10 ML Y TOMAR MUESTRA. PARED ULTRAFINA TRIBISELADA Y SILICONIZADA CON BAJA RESISTENCIA A LA PENETRACIÓN (INDOLOR A LA PUNCIÓN). BOLSAS SECUNDARIAS DE 300 ML MÍNIMO FABRICADAS CON TOTM PARA CONSERVACIÓN DE LAS PLAQUETAS 5 DÍAS SISTEMA DE T&T QUE PERMITA UNA DESLEUCOCITACIÓN MÍNIMA DE UN LOGARITMO CON RESPECTO A LOS VALORES INICIALES DEL DONADOR CON 100 ML DE SOLUCIÓN ADITIVA SAG-MANITOL PARA CONSERVACIÓN DEL CONCENTRADO ERITRICITARIO POR 42 DÍAS.",NULL,NULL,NULL
"LAB0409","LC","1689","0","0","0","0","BOLSA CUADRUPLE: PARA RECOLECTAR SANGRE TOTAL LEUCORREDUCIDA: CONTIENE UNA BOLSA PRIMARIA PARA OBTENER 450-45 ML DE SANGRE TOTAL CON 63 ML DE SOLUCIÓN CPD; TUBO RECOLECTOR CON AGUJA DE 15 Ó 16 G, PROTECTOR DE AGUJA, BOLSA SATÉLITE PARA PURGAR LOS PRIMEROS 10 ML Y TOMAR MUESTRA CON SISTEMA DE SEGURIDAD PARA TOMA DE MUESTRA, FILTRO INTEGRADO PARA LEUCORREDUCIR UNA UNIDAD DE SANGRE TOTAL CONSISTENTEMENTE INFERIOR A 5 X 10 5. TRES BOLSAS SECUNDARIAS UNIDAS A LA PRIMARIA, CON CÓDIGO DE IDENTIFICACIÓN, UNA BOLSA SECUNDARIA CON 100 ML DE SOLUCIÓN ADITIVA QUE PROPORCIONE COMO MÍNIMO 42 DÍAS DE VIGENCIA AL CONCENTRADO ERITRICITARIO.",NULL,NULL,NULL
"LAB0410","LC","1689","0","0","0","0","BOLSA PARA TRIPLE: BOLSA MATRIZ CON 63 ML DE SOLUCIÓN ANTICOAGULANTE CDP PARA RECOLECCIÓN DE 450 ML CON AGUJA DE 15 Ó 16 G, BOLSA SATÉLITE PARA PURGAR LOS PRIMEROS 10 ML Y TOMAR MUESTRA. PARED ULTRAFINA TRIBISELADA Y SILICONIZADA CON BAJA RESISTENCIA A LA PENETRACIÓN (INDOLOR A LA PUNCIÓN), BOLSAS SECUNDARIAS DE 300 ML MÍNIMO FABRICADAS CON TOTM PARA CONSERVACIÓN DE LAS PLAQUETAS 5 DÍAS, SISTEMA T&T QUE PERMITA UNA DESLEUCOCITACIÓN MÍNIMA DE UN LOGARITMO RESPECTO A LOS VALORES INICIALES DEL DONADOR CON 100 ML DE SOLUCIÓN ADITIVA SAG-MANITOL PARA CONSERVACIÓN DEL CONCENTRADO ERITRICITARIO POR 42 DÍAS.",NULL,NULL,NULL
"LAB0411","LC","1689","0","0","0","0","BOLSA TRANSFER PEDIÁTRICA: KIT CON 6 BOLSAS DE 150 ML CADA UNA Y PUNZÓN TIPO BAYONETA INDIVIDUAL",NULL,NULL,NULL
"LAB0412","LC","1689","0","1","0","0","BOLSAS PARA DESECHOS SÓLIDOS (WASTE BAGS) PARA USO EN EL EQUIPO MAGNA PURE LC. CAJA CON 25 PZAS. TEMPERATURA DE ALMACENAJE DE 15OC A 25OC.",NULL,NULL,NULL
"LAB0413","LC","1689","0","0","0","0","BROCHA DE PELO DE CAMELLO 38 MM DE DIÁMETRO.",NULL,NULL,NULL
"LAB0414","LC","1689","0","0","0","0","BULBO DE HULE DE SEGURIDAD DE 3 VÍAS RESISTENTE A ÁCIDOS Y ÁLCALIS PARA PIPETA",NULL,NULL,NULL
"LAB0415","LC","1689","0","0","0","0","BULBO PARA PIPETA PASTEUR",NULL,NULL,NULL
"LAB0416","LC","1689","0","0","0","0","CAJA PORTAPREPARACIONES DE PLÁSTICO CON CAPACIDAD DE 25 LAMINILLAS, DE POLIPROPILENO",NULL,NULL,NULL
"LAB0417","LC","1689","0","0","0","0","CAJA DE MATERIAL RÍGIDO PARA EL TRANSPORTE INTERNO DE MUESTRAS. PARA MANEJO DE MUESTRAS DE MANERA SEGURA Y SENCILLA EN HOSPITALES Y LABORATORIOS. DISEÑADA PARA ACOMODAR DE 50 A 100 TUBOS DE MUESTRA E HISOPOS DE TRANSPORTE, RECIPIENTE GRANDE CON INSERTO DESMONTABLE PARA FÁCIL MANEJO Y DESINFECCIÓN. TAPA CON AGARRADERA Y BASE FABRICADAS EN ABS DE ALTA DURACIÓN CON INSERTO DESMONTABLE PARA 2 RACKS DE SOPORTE. SEGUROS DE CIERRE E IDENTIFICACIÓN COMO MATERIAL DE RIESGO.",NULL,NULL,NULL
"LAB0418","LC","1689","0","0","0","0","CAJA DE POLICARBONATO CON TAPA, PARA 100 CRIOTUBOS, CON DIMENSIONES DE 132 X 132 X 52 MILÍMETROS, CON 100 DIVISIONES (10 X 10).",NULL,NULL,NULL
"LAB0419","LC","1689","0","0","0","0","CAJAS DE CRISTAL, PARA TINCIÓN CON CANASTILLA METÁLICA, PARA 50 PREPARACIONES. (PORTAOBJETOS).",NULL,NULL,NULL
"LAB0420","LC","1689","0","1","0","0","CAJAS PARA ALMACENAMIENTO DE 50 CRIOTUBOS DE 1.5 A 2.0 ML, DE POLIPROPILENO CON DIMENSIONES DE 5 1/4 DE ANCHO X 2 1/8 DE ALTURA Y 3 3/4 DE LARGO, EN PAQUETES DE 5 COLORES VARIADOS.",NULL,NULL,NULL
"LAB0421","LC","1689","0","0","0","0","CAJAS DE PETRI, DE PLÁSTICO, ESTÉRILES, DESECHABLES, EN MEDIDAS DE 90 X 15 MM, APILABLES PARA EQUIPO LLENADOR DE CAJAS PETRI MARCA INTEGRA, MODELO EDIAJET VARIO.",NULL,NULL,NULL
"LAB0422","LC","1689","0","0","0","0","CAJAS DE PETRI, DE PLÁSTICO, ESTÉRILES, DESECHABLES, EN MEDIDAS DE 90 X 15 MM, APILABLES PARA EQUIPO LLENADOR DE CAJAS PETRI COMPATIBLE CON LA MARCA INTEGRA, MODELO EDIAJET VARIO.",NULL,NULL,NULL
"LAB0423","LC","1689","0","0","0","0","CAJAS DE PETRI, DE PLÁSTICO, ESTÉRILES, DESECHABLES, EN MEDIDAS DE 60 X 15 MM. CON CUBIERTA DE REPUESTO PARA LAS CAJAS DE LAS MEDIDAS MENCIONADAS.",NULL,NULL,NULL
"LAB0424","LC","1689","0","0","0","0","CANASTILLA DE ALAMBRE PARA TRANSPORTAR MATERIAL, DE PLÁSTICO, ESTERILIZABLE. DIMENSIONES: 15 X 30 X 15 CM",NULL,NULL,NULL
"LAB0425","LC","1689","0","0","0","0","CARRUSEL SOPORTE ROTATIVO PARA PIPETAS AUTOMÁTICAS CON SEIS PIEZAS",NULL,NULL,NULL
"LAB0426","LC","1689","0","0","0","0","CLORURO DE SODIO: RA. ACS. CRISTALES. FRASCO CON 500 ML",NULL,NULL,NULL
"LAB0427","LC","1689","0","1","0","0","CRIOTUBO DE POLIPROPILENO CON CAPACIDAD DE 2 ML, ESTERILIZADOS POR RADIACIÓN GAMMA, CON ROSCA EXTERNA Y EMPAQUE SELLADOR, CON FONDO REDONDO Y BASE PARA APOYARLOS SOBRE SUPERFICIES PLANAS. RESISTENCIA TÉRMICA HASTA -160 OC. CON CERTIFICADO DE CALIDAD PARA CULTIVO DE TEJIDOS. CAJA CON 450 PIEZAS.",NULL,NULL,NULL
"LAB0428","LC","1689","0","1","0","0","CRIOTUBO DE POLIPROPILENO CON CAPACIDAD DE 2.5 ML, FONDO REDONDO, CON BASE, TAPÓN COLOR NARANJA, ROSCA INTERNA Y ÁREA PARA ESCRITURA. BOLSA CON 450 PIEZAS",NULL,NULL,NULL
"LAB0429","LC","1689","0","1","0","0","CRIOTUBO DE POLIPROPILENO CON CAPACIDAD DE 5 ML, CON JUNTA DE SILICONA EN LA TAPA A ROSCA, PERMITE UN CIERRE SEGURO DURANTE LA CONGELACIÓN DE MUESTRAS EN LA FASE GASEOSA DE NITRÓGENO LÍQUIDO. RESISTENCIA TÉRMICA HASTA -160 OC. ESTERILIZADOS POR RADIACIÓN. CAJA CON 450 PIEZAS.",NULL,NULL,NULL
"LAB0430","LC","1689","0","1","0","0","CRIOTUBOS DE POLIPROPILENO TIPO EPPENDORFF, CON CAPACIDAD DE 1,500 MICROLITROS, CON TAPA Y SELLO DE SEGURIDAD, FONDO REDONDEADO, RESISTE 16,000 G. SE ESTERILIZAN EN AUTOCLAVE. LIBRE DE RNAASA.",NULL,NULL,NULL
"LAB0431","LC","1689","0","1","0","0","CRIOTUBOS ESTÉRILES CON TAPA DE POLIPROPILENO DE 2 ML PARA TEMPERATURAS INFERIORES A MENOS 120oC. ENVASE CON 500 PIEZAS.",NULL,NULL,NULL
"LAB0432","LC","1689","0","1","0","0","CRIOTUBOS ESTÉRILES PARA CAJA DE POLIPROPILENO DE 2 ML, PARA TEMPERATURAS INFERIORES A MENOS 70oC. BOLSA CON 500 PIEZAS.",NULL,NULL,NULL
"LAB0433","LC","1689","0","1","0","0","CUBREOBJETOS DE VIDRIO NO. 1, ESPESOR DE 1.13 A 0.16 MM, DIMENSIONES 14X50 MM. CAJA CON 100 PIEZAS.",NULL,NULL,NULL
"LAB0434","LC","1689","0","1","0","0","CUBREOBJETOS DE VIDRIO NO. 1, CON UN ESPESOR DE 0.13 A 0.16 MM. DIMENSIONES: 24 X 50 MM. CAJA CON 150.",NULL,NULL,NULL
"LAB0435","LC","1689","0","1","0","0","CUCHILLAS METÁLICAS PARA CONECTOR. ESTÉRIL. CAJA CON 200 PIEZAS",NULL,NULL,NULL
"LAB0436","LC","1689","0","1","0","0","DESCANSADOR DE PUNTAS (TIP STANDS) PARA USO EN EL EQUIPO MAGNA PURE LC. CAJA CON 200 PIEZAS. TEMPERATURA DE ALMACENAJE DE 15oC A 25oC.",NULL,NULL,NULL
"LAB0437","LC","1689","0","0","0","0","EMBUDOS DE VIDRIO. DIÁMETRO: 100 MM. LONGITUD: 50 MM.",NULL,NULL,NULL
"LAB0438","LC","1689","0","0","0","0","EQUIPO ESTÉRIL Y DESECHABLE PARA PLAQUETOAFÉRESIS, CAMPANA DE LATHAM DE 225 ML, ACCESO ÚNICO, LÍNEA DE ANTICOAGULANTE CON FILTRO ANTIBACTERIANO, ACOMPAÑADO CON BOLSA DE 500 ML. SOLUCIÓN ACD-A",NULL,NULL,NULL
"LAB0439","LC","1689","0","0","0","0","ESCOBILLONES DE CERDAS PARA LAVAR TUBOS DE ENSAYE Y FRASCOS, CON LONGITUD DE 12.5 CM. LONGITUD TOTAL: 27.5 CM. DIÁMETRO: 5.0 CM.",NULL,NULL,NULL
"LAB0440","LC","1689","0","0","0","0","ESCOBILLONES DE CERDAS PARA LAVAR TUBOS DE ENSAYE Y FRASCOS, CON LONGITUD DE 12.5 CM. LONGITUD TOTAL: 20 CM. DIÁMETRO: 1.9 CM.",NULL,NULL,NULL
"LAB0441","LC","1689","0","1","0","0","FILTROS. DISCOS DE PAPEL FILTRO DE 240 MM. DE DIÁMETRO. NÚMERO 3 DE WHATMAN. CAJA CON 100.",NULL,NULL,NULL
"LAB0442","LC","1689","0","0","0","0","FRASCO DE PLÁSTICO CAP. 30 ML PARA MATERIA FECAL. PIEZA",NULL,NULL,NULL
"LAB0443","LC","1689","0","0","0","0","FRASCO DE POLIPROPILENO BOCA ANCHA (AUTOCLAVE) CON TAPÓN ROSCA. DE 1000 ML.",NULL,NULL,NULL
"LAB0444","LC","1689","0","0","0","0","FRASCOS DE POLIETILENO, CON TUBO LATERAL, PIZETA. PARA EXPULSAR LÍQUIDOS A PRESIÓN, AFORAR, LAVAR, TEÑIR, ETC. PARA VOLÚMENES DE: 125 ML.",NULL,NULL,NULL
"LAB0445","LC","1689","0","0","0","0","FRASCOS DE VIDRIO COLOR AMBAR, CON BOCA ANCHA Y TAPÓN ESMERILADO. CAPACIDAD: 1000 ML. PIEZA",NULL,NULL,NULL
"LAB0446","LC","1689","0","0","0","0","FRASCOS DE VIDRIO COLOR AMBAR, CON BOCA ANCHA Y TAPÓN ESMERILADO. CAPACIDAD: 250 ML. PIEZA",NULL,NULL,NULL
"LAB0447","LC","1689","0","0","0","0","GRADILLA DE ALAMBRE CON CADMIO PARA 90 TUBOS HASTA DE 13 MM DE DIÁMETRO.",NULL,NULL,NULL
"LAB0448","LC","1689","0","0","0","0","GRADILLA DE ALAMBRE CUBIERTA CON CADMIO O PLÁSTICO ESTERILIZABLE PARA 72 TUBOS HASTA 16 MM DE DIÁMETRO.",NULL,NULL,NULL
"LAB0449","LC","1689","0","0","0","0","GRADILLA DE POLIPROPILENO PARA 72 TUBOS. DIAMETRO DE 16 MM.",NULL,NULL,NULL
"LAB0450","LC","1689","0","0","0","0","GRADILLA METÁLICA DE ACERO INOXIDABLE PARA 90 TUBOS DE 13 X 100 MM.",NULL,NULL,NULL
"LAB0451","LC","1689","0","0","0","0","GRADILLA PARA 24 TUBOS EPPENDORFF",NULL,NULL,NULL
"LAB0452","LC","1689","0","0","0","0","GRADILLA DE ALAMBRE DE ACERO, CUBIERTO CON CADMIO. PARA 12 TUBOS DE 50 ML. PIEZA",NULL,NULL,NULL
"LAB0453","LC","1689","0","0","0","0","HIELERA DE CONSTRUCCIÓN. RESISTENTE A RAYADURAS, ABOLLADURAS Y DESCOLORAMIENTO, INTERIOR RESISTENTE A MANCHAS Y OLORES. FÁCIL DE LIMPIAR, CUENTA CON ASA MÓVIL PARA SU FÁCIL DESPLAZAMIENTO. CAPACIDAD DE ALMACENAJE DE 4.8 LITROS, CON RETENCIÓN TERMAL SUPERIOR.",NULL,NULL,NULL
"LAB0454","LC","1689","0","1","0","0","HISOPO CON PUNTA DE ALGINATO DE CALCIO Y MANGO DE ALUMINIO, CON 100 PIEZAS.",NULL,NULL,NULL
"LAB0455","LC","1689","0","1","0","0","HISOPO DE RAYÓN CON MANGO DE ALUMINIO. FLEXIBLE, CAJA DE 100 PIEZAS.",NULL,NULL,NULL
"LAB0456","LC","1689","0","1","0","0","HISOPO DE RAYÓN CON MANGO DE PLÁSTICO, CAJA DE 100 PIEZAS.",NULL,NULL,NULL
"LAB0457","LC","1689","0","1","0","0","HISOPOS DE RAYÓN O DACRÓN CON MANGO DE PLÁSTICO DE 15 CM DE LARGO, ESTÉRILES, ENVOLTURA INDIVIDUAL, CAJA CON 100 PIEZAS.",NULL,NULL,NULL
"LAB0458","LC","1689","0","0","0","0","KIT INACTIVACIÓN DE PLAQUETAS. CONTIENE RECIPIENTE DE PLÁSTICO DE 17.5 ML DE SOLUCIÓN DE AMOTOSALENO, RECIPIENTE DE ILUMINACIÓN, RECIPIENTE DE CONSERVACIÓN DE PLAQUETAS Y DISPOSITIVO DE ADSORCIÓN DE COMPUESTOS.",NULL,NULL,NULL
"LAB0459","LC","1689","0","0","0","0","KIT DE INACTIVACIÓN DE PLAQUETAS. CONTIENE RECIPIENTE DE PLÁSTICO CON 15 ML DE SOLUCIÓN DE AMOTOSALENO, RECIPIENTE DE ILUMINACIÓN, DISPOSITIVO DE ADSORCIÓN DE COMPUESTOS (CAD, POR SUS SIGLAS EN INGLÉS) QUE REDUCE CONSIDERABLEMENTE EL NIVEL DE AMOTOSALENO RESIDUAL EN EL PLASMA ANTES DEL ALMACENAMIENTO Y TRES RECIPIENTES DE ALMACENAMIENTO DE PLÁSTICO INTEGRADOS SECUENCIALMENTE.",NULL,NULL,NULL
"LAB0460","LC","1689","0","0","0","0","LÁMPARA PARA MICROSCOPIO DE 6 VOLT. 20 WATTS.",NULL,NULL,NULL
"LAB0461","LC","1689","0","0","0","0","LÁPICES MARCADORES GRASOS PARA ESCRIBIR EN VIDRIO, EN COLORES: ROJO. CAJA CON 12 PIEZAS.",NULL,NULL,NULL
"LAB0462","LC","1689","0","0","0","0","LÁPICES MARCADORES PARA VIDRIO O PORCELANA, CON PUNTA DE CARBURO DE TUNGSTENO. PIEZA.",NULL,NULL,NULL
"LAB0463","LC","1689","0","0","0","0","MATRAZ DE VIDRIO REFRACTARIO, CON GRADUACIÓN APROXIMADA Y CON LABIO TIPO ERLENMEYER. PARA VOLÚMENES DE 2000 ML. PIEZA",NULL,NULL,NULL
"LAB0464","LC","1689","0","0","0","0","MATRAZ ERLENMEYER DE VIDRIO CON TAPÓN ROSCA DE BAQUELITA. 50 ML.",NULL,NULL,NULL
"LAB0465","LC","1689","0","0","0","0","MATRAZ ERLENMEYER DE VIDRIO CON TAPÓN ROSCA DE BAQUELITA. 100 ML.",NULL,NULL,NULL
"LAB0466","LC","1689","0","0","0","0","MATRAZ ERLENMEYER DE VIDRIO CON TAPÓN ROSCA DE BAQUELITA. 1000 ML.",NULL,NULL,NULL
"LAB0467","LC","1689","0","0","0","0","MATRAZ ERLENMEYER DE VIDRIO CON TAPÓN ROSCA DE BAQUELITA. 125 ML.",NULL,NULL,NULL
"LAB0468","LC","1689","0","0","0","0","MATRAZ ERLENMEYER DE VIDRIO CON TAPÓN ROSCA DE BAQUELITA. 2000 ML.",NULL,NULL,NULL
"LAB0469","LC","1689","0","0","0","0","MATRAZ ERLENMEYER DE VIDRIO CON TAPÓN ROSCA DE BAQUELITA. 250 ML.",NULL,NULL,NULL
"LAB0470","LC","1689","0","0","0","0","MATRAZ ERLENMEYER DE VIDRIO CON TAPÓN ROSCA DE BAQUELITA. 500 ML.",NULL,NULL,NULL
"LAB0471","LC","1689","0","1","0","0","MEDIO DE TRANSPORTE CARY BLAIR, ESTÉRILES, ESTERILIZADOS POR RADIACIÓN. CADUCIDAD DE 30 MESES, A PARTIR DE LA FECHA DE ESTERILIZACIÓN, CAJA CON 50 PIEZAS ENVUELTAS INDIVIDUALMENTE TIPO FEEL PACK PLÁSTICO, QUE INCLUYE UN TUBO CON MEDIO Y UN HISOPO ADOSADO A UN TAPÓN.",NULL,NULL,NULL
"LAB0472","LC","1689","0","0","0","0","MORTEROS DE PORCELANA O VIDRIO, PROVISTO DE PISTILO, CON CAPACIDAD PARA 250 ML. PIEZA",NULL,NULL,NULL
"LAB0473","LC","1689","0","0","0","0","PAPEL ALUMINIO 400 M. 18 A 20 MICRAS DE ESPESOR. ANCHO 250 A 300 MM DE ANCHO.",NULL,NULL,NULL
"LAB0474","LC","1689","0","0","0","0","PAPEL ESTRAZA COLOR CAFÉ. CON 1000 KG",NULL,NULL,NULL
"LAB0475","LC","1689","0","1","0","0","PAPEL FILTRO HOJAS DE 50 X 50 MM",NULL,NULL,NULL
"LAB0476","LC","1689","0","0","0","0","PAPEL KRAFT ROLLO DE 90 CM DE ALTO",NULL,NULL,NULL
"LAB0477","LC","1689","0","0","0","0","PAPEL PARA ENVOLTURA ESTRAZA CON 1 KILO",NULL,NULL,NULL
"LAB0478","LC","1689","0","0","0","0","PAPEL PARA ENVOLTURA. KRAFT DE 70 KG Y 45 CM DE ANCHO",NULL,NULL,NULL
"LAB0479","LC","1689","0","0","0","0","PAPEL PARAFINADO DE 2 IN. X 250 FT.",NULL,NULL,NULL
"LAB0480","LC","1689","0","0","0","0","PAPEL SEDA",NULL,NULL,NULL
"LAB0481","LC","1689","0","0","0","0","PAPELES PARAFINADO, PARA TAPAR TUBOS A PRUEBA DE HUMEDAD, SEMITRANSPARENTE, ESTIRABLE E INERTE. ROLLO DE 50 CM DE ANCHO Y 760 CM DE LONGITUD.",NULL,NULL,NULL
"LAB0482","LC","1689","0","0","0","0","PERLAS DE VIDRIO DE 0.5 MM DE DIÁMETRO. BOLSA CON 1 KG.",NULL,NULL,NULL
"LAB0483","LC","1689","0","0","0","0","PINZAS PARA CUBREOBJETOS, DE PUNTAS CUADRADAS. LONGITUD: 11.5 CM. PIEZA",NULL,NULL,NULL
"LAB0484","LC","1689","0","0","0","0","PIPETA AUTOMÁTICA DE 8 CANALES CON VOLÚMENES VARIABLES DE 5 A 50 MICROLITROS. CON CERTIFICADO DE CALIBRACIÓN. PIEZA.",NULL,NULL,NULL
"LAB0485","LC","1689","0","0","0","0","PIPETA AUTOMÁTICA DE 8 CANALES CON VOLÚMENES VARIABLES DE 50 A 200 MICROLITROS. CON CERTIFICADO DE CALIBRACIÓN. PIEZA.",NULL,NULL,NULL
"LAB0486","LC","1689","0","1","0","0","PIPETA PASTEUR DE 9 PULGADAS. CON 200 PIEZAS.",NULL,NULL,NULL
"LAB0487","LC","1689","0","0","0","0","PIPETAS AUTOMÁTICAS CALIBRACIÓN VARIABLE ENTRE LOS VOLÚMENES SIGUIENTES: 0.5 A 10 MICROLITROS. CON CERTIFICADO DE CALIBRACIÓN. PIEZA.",NULL,NULL,NULL
"LAB0488","LC","1689","0","0","0","0","PIPETAS AUTOMÁTICAS CALIBRACIÓN VARIABLE ENTRE LOS VOLÚMENES SIGUIENTES: 10 A 50 ML. CON CERTIFICADO DE CALIBRACIÓN. PIEZA.",NULL,NULL,NULL
"LAB0489","LC","1689","0","0","0","0","PIPETAS AUTOMÁTICAS CALIBRACIÓN VARIABLE ENTRE LOS VOLÚMENES SIGUIENTES: 2 A 10 ML. CON CERTIFICADO DE CALIBRACIÓN. PIEZA.",NULL,NULL,NULL
"LAB0490","LC","1689","0","0","0","0","PIPETAS AUTOMÁTICAS CALIBRACIÓN VARIABLE ENTRE LOS VOLÚMENES SIGUIENTES: 2 A 100 MICROLITROS. CON CERTIFICADO DE CALIBRACIÓN. PIEZA.",NULL,NULL,NULL
"LAB0491","LC","1689","0","0","0","0","PIPETAS AUTOMÁTICAS CALIBRACIÓN VARIABLE ENTRE LOS VOLÚMENES SIGUIENTES: 200 A 1000 MICROLITROS. CON CERTIFICADO DE CALIBRACIÓN. PIEZA.",NULL,NULL,NULL
"LAB0492","LC","1689","0","1","0","0","PIPETAS PASTEUR 5 3-4 MM. CAJA C/250 PIEZAS",NULL,NULL,NULL
"LAB0493","LC","1689","0","0","0","0","PIPETAS AUTOMÁTICAS CALIBRACIÓN VARIABLE ENTRE LOS VOLÚMENES SIGUIENTES: 20 A 200 MICROLITROS. CON CERTIFICADO DE CALIBRACIÓN. PIEZA.",NULL,NULL,NULL
"LAB0494","LC","1689","0","0","0","0","PIPETAS AUTOMÁTICAS CALIBRACIÓN VARIABLE ENTRE LOS VOLÚMENES SIGUIENTES: 200 A 2000 MICROLITROS. CON CERTIFICADO DE CALIBRACIÓN. PIEZA.",NULL,NULL,NULL
"LAB0495","LC","1689","0","1","0","0","PORTAOBJETOS DE VIDRIO, RECTANGULARES, DE GROSOR UNIFORME, DE 75 X 25 X 0.8 A 1.1 MM. CON ESQUINAS Y UN EXTREMO ESMERILADO. CAJA CON 50 PIEZAS.",NULL,NULL,NULL
"LAB0496","LC","1689","0","1","0","0","PORTAOBJETOS DE VIDRIO, RECTANGULARES, DE GROSOR UNIFORME, DE 75 X 25 X 0.8 A 1.1 MM.LISOS. CAJA CON 50 PIEZAS.",NULL,NULL,NULL
"LAB0497","LC","1689","0","0","0","0","PROBETAS DE POLIPROPILENO GRADUADAS: CAPACIDAD 500 ML. EXACTITUD MEDIANA. PIEZA",NULL,NULL,NULL
"LAB0498","LC","1689","0","0","0","0","PROBETAS DE POLIPROPILENO GRADUADAS: CAPACIDAD 2000 ML. EXACTITUD BAJA. PIEZA",NULL,NULL,NULL
"LAB0499","LC","1689","0","1","0","0","PUNTAS AMARILLAS CON 500 PIEZAS",NULL,NULL,NULL
"LAB0500","LC","1689","0","1","0","0","RESPIRADOR DESECHABLE NIOSH 100 Ó N100. CAJA CON 100 PIEZAS. PARA CONTROL A LA EXPOSICIÓN DE MICROORGANISMOS COMO MYCOBACTERIUM TUBERCULOSIS; PARA PARTÍCULAS EN AEROSOL LIBRES DE ACEITE; RESISTENTE A FLUIDOS (PROBADO EN PARTÍCULAS DE 0.3 MICRÓN BAJO LA REGULACIÓN 42CFR 84); PARA USO ESTÁNDAR CONTRA PATÓGENOS EN SANGRE DE ACUERDO CON OSHA (OCCUPATIONAL SAFETY AND HEALTH ADMINISTRATION); PROVEE > 99% DE BFE (BACTERIAL FILTRATION EFFICIENCY) DETERMINADO POR LA MODIFICACIÓN DE GREENE Y EL MÉTODO DE PRUEBA DE VERLEY.",NULL,NULL,NULL
"LAB0501","LC","1689","0","1","0","0","RESPIRADOR DESECHABLE NIOSH 95 Ó N95. CAJA CON 20 PIEZAS. PARA CONTROL A LA EXPOSICIÓN DE MICROORGANISMOS COMO MYCOBACTERIUM TUBERCULOSIS; PARA PARTÍCULAS EN AEROSOL LIBRES DE ACEITE; RESISTENTE A FLUIDOS (PROBADO EN PARTÍCULAS DE 0.3 MICRÓN BAJO LA REGULACIÓN 42CFR 84); PARA USO ESTÁNDAR CONTRA PATÓGENOS EN SANGRE DE ACUERDO CON OSHA (OCCUPATIONAL SAFETY AND HEALTH ADMINISTRATION); PROVEE > 99% DE BFE (BACTERIAL FILTRATION EFFICIENCY) DETERMINADO POR LA MODIFICACIÓN DE GREENE Y EL MÉTODO DE PRUEBA DE VERLEY.",NULL,NULL,NULL
"LAB0502","LC","1689","0","1","0","0","TELA ADHESIVA DE 2.5 CM",NULL,NULL,NULL
"LAB0503","LC","1689","0","1","0","0","TUBO AL VACÍO ESTÉRIL, SECO, SIN ANTICOAGULANTE, 5 ML, PLÁSTICO.",NULL,NULL,NULL
"LAB0504","LC","1689","0","1","0","0","TUBO DE PLÁSTICO CON EDTA K2 (TAPÓN LILA) APLICADO POR ASPERSIÓN. UTILIZADO PARA DETERMINACIONES HEMATOLÓGICAS CON SANGRE TOTAL DE 13 X 75. PAQUETE CON 100 TUBOS",NULL,NULL,NULL
"LAB0505","LC","1689","0","1","0","0","TUBO DE PLÁSTICO PARA SUERO (TAPÓN ROJO) CON ACTIVADOR DE COAGULACIÓN APLICADO POR ASPERSIÓN EN LA PARED. DE 13 X 100. PAQUETE CON 100 TUBOS.",NULL,NULL,NULL
"LAB0506","LC","1689","0","1","0","0","TUBO TIPO VACUTAINER TAPA LILA. CAPACIDAD DE 6 ML CONTENIDO. PAQUETE CON 100 PIEZAS PARA USO EN ESTUDIOS GENERALES DE HEMOGLOBINA. CONTIENE UN LÍQUIDO ANTICOAGULANTE EDTA (ÁCIDO ETILENDIAMINOTETRAACÉTICO).",NULL,NULL,NULL
"LAB0507","LC","1689","0","1","0","0","TUBOS DE POLIPROPILENO PARA CENTRÍFUGA, CON CAPACIDAD DE 15 ML. GRADUADO, CÓNICO, CON TAPÓN DE ROSCA, ESTÉRIL, CAJA CON 500 PIEZAS.",NULL,NULL,NULL
"LAB0508","LC","1689","0","0","0","0","TUBOS DE HULE PARA LA CONEXIÓN DE GAS AL MECHERO: DE LÁTEX, COLOR ÁMBAR, DIÁMETRO INTERIOR DE 7 MM (1/4 PULGADA), ESPESOR DE LA PARED 3 MM. METRO.",NULL,NULL,NULL
"LAB0509","LC","1689","0","1","0","0","TUBOS DE POLIPROPILENO TIPO EPPENDORF. CAPACIDAD DE 1,500 MICROLITROS, CON TAPA PLANA, ESMERILADA Y SELLO DE SEGURIDAD, FONDO REDONDEADO, AUTOCLAVEABLES, RESISTENTE A 16,000 G. CAJA CON 500 TUBOS. LIBRE DE RNAASA.",NULL,NULL,NULL
"LAB0510","LC","1689","0","1","0","0","TUBOS DE POLIPROPILENO TIPO EPPENDORF. CAPACIDAD DE 500 MICROLITROS, CON TAPA PLANA, ESMERILADA Y SELLO DE SEGURIDAD, FONDO REDONDEADO, AUTOCLAVEABLES, RESISTENTE A 16,000 G. CAJA CON 1000 TUBOS.",NULL,NULL,NULL
"LAB0511","LC","1689","0","1","0","0","TUBOS DE POLIPROPILENO TIPO EPPENDORF. CAPACIDAD DE 600 MICROLITROS, CON TAPA PLANA, ESMERILADA Y SELLO DE SEGURIDAD, FONDO REDONDEADO, AUTOCLAVEABLES, RESISTENTE A 16,000 G. CAJA CON 1000 TUBOS.",NULL,NULL,NULL
"LAB0512","LC","1689","0","1","0","0","TUBOS DE POLIPROPILENO TIPO EPPENDORF. CAPACIDAD DE 200 MICROLITROS, CON TAPA PLANA, ESMERILADA Y SELLO DE SEGURIDAD, FONDO REDONDEADO, AUTOCLAVEABLES, RESISTENTE A 16,000 G. CAJA CON 1000 TUBOS.",NULL,NULL,NULL
"LAB0513","LC","1689","0","1","0","0","UNIDADES DE FILTRACIÓN TIPO PERINOLA, PARA JERINGA, DESECHABLE, CONSISTE DE UN PORTAFILTROS DE 25 MM DE DIÁMETRO QUE INCLUYE MEMBRANA DE ACETATO DE CELULOSA CON PORO DE 0.22 MICRAS. CAJA CON 100 PIEZAS",NULL,NULL,NULL
"LAB0514","LC","1689","0","1","0","0","UNIDADES DE FILTRACIÓN TIPO PERINOLA, PARA JERINGA, DESECHABLE, CONSISTE DE UN PORTAFILTROS DE 25 MM DE DIÁMETRO QUE INCLUYE MEMBRANA DE ACETATO DE CELULOSA CON PORO DE 0.45 MICRAS. CAJA CON 100 PIEZAS. ESTÉRIL, INDIVIDUALMENTE ENVUELTA.",NULL,NULL,NULL
"LAB0515","LC","1689","0","0","0","0","VASO DE PRECIPITADO, DE POLIPROPILENO, CON GRADUACIÓN PARA VOLÚMENES APROXIMADOS. EN CAPACIDADES DE: 600 ML.",NULL,NULL,NULL
"LAB0516","LC","1689","0","0","0","0","VASO DE PRECIPITADO, DE POLIPROPILENO, CON GRADUACIÓN PARA VOLÚMENES APROXIMADOS. EN CAPACIDADES DE: 1000 ML.",NULL,NULL,NULL
"LAB0517","LC","1689","0","0","0","0","VASO DE PRECIPITADO, DE POLIPROPILENO, CON GRADUACIÓN PARA VOLÚMENES APROXIMADOS. EN CAPACIDADES DE: 2000 ML.",NULL,NULL,NULL
"LAB0518","LC","1689","0","0","0","0","VASO DE PRECIPITADO, DE POLIPROPILENO, CON GRADUACIÓN PARA VOLÚMENES APROXIMADOS. EN CAPACIDADES DE: 4000 ML.",NULL,NULL,NULL
"LAB0519","LC","1689","0","1","0","0","VENDITAS ADHESIVAS 2.2 X 2.2 CM. CON 100 PIEZAS",NULL,NULL,NULL
"LAB0520","LC","1689","0","1","0","0","PARAPLAST (PARAFINA PLÁSTICA HISTOLÓGICA)",NULL,NULL,NULL
"LAB0521","LC","1689","0","0","0","0","PARAFINA HISTOLÓGICA",NULL,NULL,NULL
"LAB0522","LC","1689","0","0","0","0","RESINA SINTÉTICA TRANSPARENTE",NULL,NULL,NULL
"LAB0523","LC","1689","0","0","0","0","ALCOHOL ETÍLICO ABSOLUTO",NULL,NULL,NULL
"LAB0524","LC","1689","0","0","0","0","ALCOHOL 96o",NULL,NULL,NULL
"LAB0525","LC","1689","0","0","0","0","ACETONA.",NULL,NULL,NULL
"LAB0526","LC","1689","0","0","0","0","AGUA DESTILADA",NULL,NULL,NULL
"LAB0527","LC","1689","0","0","0","0","XILOL",NULL,NULL,NULL
"LAB0528","LC","1689","0","0","0","0","FORMOL AL 40% CONCENTRADO",NULL,NULL,NULL
"LAB0529","LC","1689","0","0","0","0","HEMATOXILINA DE HARRIS PREPARADA",NULL,NULL,NULL
"LAB0530","LC","1689","0","0","0","0","XYLENO",NULL,NULL,NULL
"LAB0531","LC","1689","0","0","0","0","FORMALDEHÍDO 37%",NULL,NULL,NULL
"LAB0532","LC","1689","0","0","0","0","ÁCIDO CLORHÍDRICO",NULL,NULL,NULL
"LAB0533","LC","1689","0","0","0","0","ÁCIDO ACÉTICO GLACIAL",NULL,NULL,NULL
"LAB0534","LC","1689","0","0","0","0","EOSINA AMARILLA",NULL,NULL,NULL
"LAB0535","LC","1689","0","1","0","0","PORTAOBJETOS 25 X 75 MM",NULL,NULL,NULL
"LAB0536","LC","1689","0","1","0","0","PORTAOBJETOS ESPESOR 0.8-1.1 26 X 76 MM",NULL,NULL,NULL
"LAB0537","LC","1689","0","1","0","0","PORTAOBJETOS 25 X 75 MM ESMERILADOS",NULL,NULL,NULL
"LAB0538","LC","1689","0","1","0","0","CUBREOBJETOS 24 X 50 MM",NULL,NULL,NULL
"LAB0539","LC","1689","0","1","0","0","CUBREOBJETOS 25 X 40 MM",NULL,NULL,NULL
"LAB0540","LC","1689","0","1","0","0","TUBOS DE ENSAYO DE CRISTAL",NULL,NULL,NULL
"LAB0541","LC","1689","0","1","0","0","BISTURÍ NO. 24",NULL,NULL,NULL
"LAB0542","LC","1689","0","1","0","0","GUANTES ESTÉRILES DESECHABLES. TAMAÑO MEDIANO",NULL,NULL,NULL
"LAB0543","LC","1689","0","0","0","0","PAPEL DE ESTRAZA",NULL,NULL,NULL
"LAB0544","LC","1689","0","0","0","0","BOLSAS TRANSPARENTES",NULL,NULL,NULL
"LAB0545","LC","1689","0","1","0","0","CAPILARES DE VIDRIO PARA HEMATOCRITO",NULL,NULL,NULL
"LAB0546","LC","1689","0","0","0","0","FRASCO DE VIDRIO ESTÉRIL. PARA UROCULTIVO",NULL,NULL,NULL
"LAB0547","LC","1689","0","0","0","0","PINZA PARA TUBO DE ENSAYE",NULL,NULL,NULL
"LAB0548","LC","1689","0","0","0","0","PIPETAS VOLUMÉTRICAS DE VIDRIO 3 ML",NULL,NULL,NULL
"LAB0549","LC","1689","0","1","0","0","TUBO CÓNICO PARA RECOLECCIÓN DE ORINA",NULL,NULL,NULL
"LAB0550","LC","1689","0","0","0","0","ISODINE. GARRAFA DE 4 LITROS",NULL,NULL,NULL
"LAB0551","LC","1689","0","0","0","0","GASA TIPO HOSPITAL",NULL,NULL,NULL
"LAB0552","LC","1689","0","0","0","0","AGUA BIDESTILADA CON 19 LITROS",NULL,NULL,NULL
"LAB0553","LC","1689","0","1","0","0","CUBREBOCAS",NULL,NULL,NULL
"LAB0554","LC","1689","0","0","0","0","ALCOHOL CON 20 LITROS",NULL,NULL,NULL
"LAB0555","LC","1689","0","0","0","0","SOLUCIÓN ANTISÉPTICA CHLORHEXIDINE CON EFECTO PROLONGADO AL 2%, EN ALCOHOL ISOPROPÍLICO AL 70%. GARRAFA DE 4 LITROS.",NULL,NULL,NULL
"LAB0556","LC","1689","0","1","0","0","ABATELENGUAS DE MADERA. BOLSA CON 25 PIEZAS",NULL,NULL,NULL
"LAB0557","LC","1689","0","0","0","0","AGUA BIDESTILADA. GARRAFA CON 20 LITROS",NULL,NULL,NULL
"LAB0558","LC","1689","0","0","0","0","AGUA INYECTABLE. CAJA CON 12 LITROS",NULL,NULL,NULL
"LAB0559","LC","1689","0","0","0","0","KIT DE INACTIVACIÓN DE PLAQUETAS. POR MEDIO DE RADIACIÓN UV Y COMPUESTO AMATOSALENO",NULL,NULL,NULL
"LAB0560","LC","1689","0","1","0","0","CINTA MICROPOROSA, COLOR BLANCO: DE TELA NO TEJIDA, UNIDIRECCIONAL, CON RECUBRIMIENTOS ADHESIVOS EN UNA DE SUS CARAS, LIBRE DE LÁTEX E HIPOALERGÉNICA, DE 10 MTS. DE LONGITUD Y 2.5 CM DE ANCHO. CAJA CON 12 ROLLOS.",NULL,NULL,NULL
"LAB0561","LC","1689","0","0","0","0","CONTENEDOR TÉRMICO DE UNICEL DE 23.7 X 16.1 X 16.9 CM",NULL,NULL,NULL
"LAB0562","LC","1689","0","0","0","0","CONTENEDOR TÉRMICO DE UNICEL DE 38.9 X 48.9 X 55 CM",NULL,NULL,NULL
"LAB0563","LC","1689","0","0","0","0","CONTENEDOR TÉRMICO DE UNICEL DE 54.8 X 34.8 X 38 CM",NULL,NULL,NULL
"LAB0564","LC","1689","0","1","0","0","GUANTES PARA EXPLORACIÓN ESTÉRIL. CHICO. CAJA CON 50 PARES.",NULL,NULL,NULL
"LAB0565","LC","1689","0","0","0","0","TUBO PARA TORNIQUETE Y/O LIGADURAS DE 12.5 MM. CAJA CON 25 METROS",NULL,NULL,NULL
"LAB0566","LC","1689","0","0","0","0","ALGODONES EN LÁMINA. ENRROLLADO O PLIZADO. BOLSA CON 300 GR.",NULL,NULL,NULL
"LAB0567","LC","1689","0","0","0","0","ESCOBILLONES DE CERDA PARA LAVAR TUBOS DE ENSAYE Y FRASCOS, CON LONGITUD DE 12.5 CM. LONGITUD TOTAL DE 27.5 CM. DIÁMETRO DE 1.9 CM.",NULL,NULL,NULL
"LAB0568","LC","1689","0","1","0","0","GUANTES PARA EXPLORACIÓN, ESTÉRILES, AMBIDIESTRO, DE LÁTEX, DESECHABLES. TAMAÑO GRANDE. CAJA CON 50 PIEZAS.",NULL,NULL,NULL
"LAB0569","LC","1689","0","0","0","0","LANCETAS DESECHABLES, FORRADAS DE PLÁSTICO, PARA LÁPIZ PUNCIONADOR SOFCLIX, CON 200 PIEZAS. CON DISPOSITIVO DESECHABLE Y AUTODESTRUCTIBLE QUE NO SEA RECARGABLE.",NULL,NULL,NULL
"LAB0570","LC","1689","0","0","0","0","LIGADURA, TORNIQUETE MÉDICO, AUTOMÁTICO, AJUSTABLE, DE VELCRO, PARA ADULTO.",NULL,NULL,NULL
"LAB0571","LC","1689","0","1","0","0","NAVAJAS DESECHABLES PARA CORTE HISTOLÓGICO DE ALTO PERFIL. CAJA CON 50 PIEZAS.",NULL,NULL,NULL
"LAB0572","LC","1689","0","0","0","0","ACEITE DE INMERSIÓN",NULL,NULL,NULL
"LAB0573","LC","1689","0","0","0","0","ACETONA",NULL,NULL,NULL
"LAB0574","LC","1689","0","0","0","0","ÁCIDO CLORHÍDRICO",NULL,NULL,NULL
"LAB0575","LC","1689","0","0","0","0","ÁCIDO FÉNICO (FENOL). FRASCO CON 500 G.",NULL,NULL,NULL
"LAB0576","LC","1689","0","0","0","0","ALCOHOL ETÍLICO ABSOLUTO (ETANOL). RA. ACS. FRASCO CON 1000 ML. TA.",NULL,NULL,NULL
"LAB0577","LC","1689","0","0","0","0","ALCOHOL ETÍLICO CON 96o GL. TÉCNICO. ENVASE CON 18 LITROS. TA.",NULL,NULL,NULL
"LAB0578","LC","1689","0","0","0","0","ALCOHOL ETÍLICO CON 96o GL. TÉCNICO. FRASCO CON 1000 ML. TA.",NULL,NULL,NULL
"LAB0579","LC","1689","0","0","0","0","ALCOHOL METÍLICO (LIBRE DE ACETONA). RA. ACS. FRASCO CON 1000 ML. TA.",NULL,NULL,NULL
"LAB0580","LC","1689","0","0","0","0","AZUL DE METILENO. FRASCO CON 10 G.",NULL,NULL,NULL
"LAB0581","LC","1689","0","0","0","0","FORMALDEHÍDO 37%",NULL,NULL,NULL
"LAB0582","LC","1689","0","0","0","0","FUSINA BÁSICA POLVO",NULL,NULL,NULL
"LAB0583","LC","1689","0","0","0","0","GIEMSA LÍQUIDA",NULL,NULL,NULL
"LAB0584","LC","1689","0","0","0","0","HEMATOXILINA DE HARRIS PREPARADA",NULL,NULL,NULL
"LAB0585","LC","1689","0","0","0","0","RESINA SINTÉTICA. MEDIO DE MONTAJE RÁPIDO PARA PREPARACIONES HISTOLÓGICAS ORDINARIAS Y DE MICROSCOPÍA ELECTRÓNICA. ENVASE CON 500 ML.",NULL,NULL,NULL
"LAB0586","LC","1689","0","0","0","0","ROJO DE FENOL. FRASCO CON 5 GR.",NULL,NULL,NULL
"LAB0587","LC","1689","0","0","0","0","XILOL",NULL,NULL,NULL
"LAB0588","LC","1689","0","1","0","0","HUMECTANTES",NULL,NULL,NULL
"LAB0589","LC","1689","0","1","0","0","DESECANTES",NULL,NULL,NULL
"LAB0590","LC","1689","0","1","0","0","COPILLAS DE DILUCION",NULL,NULL,NULL
"LAB0591","LC","1689","0","1","0","0","PIERCCEABLE CAPS",NULL,NULL,NULL
"LAB0592","LC","1689","0","1","0","0","PUNTILLAS MICROTIPS",NULL,NULL,NULL
"LAB0593","LC","1689","0","1","0","0","PUNTILLAS VERSATIPS",NULL,NULL,NULL
"LAB0594","LC","1689","0","1","0","0","COPAS DE MUESTRA",NULL,NULL,NULL
"LAB0595","LC","1689","0","1","0","0","FLUIDO DE REFERENCIA 350",NULL,NULL,NULL
"LAB0596","LC","1689","0","0","0","0","PERFORMANCE VERIFER I",NULL,NULL,NULL
"LAB0597","LC","1689","0","0","0","0","PERFORMANCE VERIFER II",NULL,NULL,NULL
"LAB0598","LC","1689","0","0","0","0","KIT CALIBRATOR 1",NULL,NULL,NULL
"LAB0599","LC","1689","0","0","0","0","KIT CALIBRATOR 2",NULL,NULL,NULL
"LAB0600","LC","1689","0","0","0","0","KIT CALIBRATOR 3",NULL,NULL,NULL
"LAB0601","LC","1689","0","0","0","0","KIT CALIBRATOR 4",NULL,NULL,NULL
"LAB0602","LC","1689","0","0","0","0","7 % BSA",NULL,NULL,NULL
"LAB0603","LC","1689","0","0","0","0","CINTA P/IMPRESORA VITROS",NULL,NULL,NULL
"LAB0604","LC","1689","0","0","0","0","PAPEL PARA IMPRESORA VITROS",NULL,NULL,NULL
"LAB0605","LC","1689","0","0","0","0","URINE ELECTROLITE DILUENT",NULL,NULL,NULL
"LAB0606","LC","1689","0","0","0","0","PAPEL IMPRESORA",NULL,NULL,NULL
"LAB0607","LC","1689","0","1","0","0","CONTROL DE COAGULACION CITROL LEVEL 1 LEVEL 2",NULL,NULL,NULL
"LAB0608","LC","1689","0","0","0","0","PAPEL IMPRESORA TICKET (COAGULACION)",NULL,NULL,NULL
"LAB0609","LC","1689","0","1","0","0","SOLUCION CLORURO DE CALCIO",NULL,NULL,NULL
"LAB0610","LC","1689","0","1","0","0","COPAS DE REACCION",NULL,NULL,NULL
"LAB0611","LC","1689","0","0","0","0","JUEGOS DE CONTROL DE HEMATOLOGIA B,N,A.",NULL,NULL,NULL
"LAB0612","LC","1689","0","0","0","0","PAPEL IMPRESORA TICKET (ORINAS)",NULL,NULL,NULL
"LAB0613","LC","1689","0","0","0","0","CONTROL ISO PERFORMANCE VERIFER 1",NULL,NULL,NULL
"LAB0614","LC","1689","0","0","0","0","CONTROL ISO PERFORMANCE VERIFER II",NULL,NULL,NULL
"LAB0615","LC","1689","0","0","0","0","KIT CALIBRADOR 25",NULL,NULL,NULL
"LAB0616","LC","1689","0","0","0","0","TONER HP IMPRESORA",NULL,NULL,NULL
"LAB0617","LC","1689","0","0","0","0","UPRO PV 1",NULL,NULL,NULL
"LAB0618","LC","1689","0","0","0","0","UPRO PV 2",NULL,NULL,NULL
"LAB0619","LC","1689","0","0","0","0","KIT CALIBRADOR 10",NULL,NULL,NULL
"LAB0620","LC","1689","0","0","0","0","DILUYENTE ESPECIAL PARA LA AMILASA",NULL,NULL,NULL
