clues,nombre,director_id,created_at,updated_at,deleted_at
CSSSA000016,"NUEVA REFORMA",NULL,"2017-04-23 13:33:29","2017-04-23 13:33:29",NULL
CSSSA000021,"FLOR DEL CARMEN",NULL,"2017-04-23 13:33:29","2017-04-23 13:33:29",NULL
CSSSA000033,"LAS BRISAS",NULL,"2017-04-23 13:33:29","2017-04-23 13:33:29",NULL
CSSSA000045,"H. B. C. DR. MANUEL VELASCO SUAREZ ACALA",000115,"2017-04-23 13:33:29","2017-04-23 13:33:29",NULL
CSSSA000050,"VILLA DE ACALA",NULL,"2017-04-23 13:33:29","2017-04-23 13:33:29",NULL
CSSSA000062,"CRUZ CHIQUITA",NULL,"2017-04-23 13:33:29","2017-04-23 13:33:29",NULL
CSSSA000074,"LUIS ECHEVERRÍA ÁLVAREZ",NULL,"2017-04-23 13:33:29","2017-04-23 13:33:29",NULL
CSSSA000086,"CENTRO DE SALUD ACAPETAHUA",NULL,"2017-04-23 13:33:29","2017-04-23 13:33:29",NULL
CSSSA000091,"BARRA DE ZACAPULCO",NULL,"2017-04-23 13:33:29","2017-04-23 13:33:29",NULL
CSSSA000103,"EJIDO LAS MURALLAS",NULL,"2017-04-23 13:33:29","2017-04-23 13:33:29",NULL
CSSSA000120,"UNIDAD MÉDICA MÓVIL ACUÁTICA (LA LUPE)",NULL,"2017-04-23 13:33:29","2017-04-23 13:33:29",NULL
CSSSA000132,"SAN JOSÉ AGUAJAL",NULL,"2017-04-23 13:33:29","2017-04-23 13:33:29",NULL
CSSSA000144,"RÍO NEGRO",NULL,"2017-04-23 13:33:29","2017-04-23 13:33:29",NULL
CSSSA000156,"FRANCISCO VILLA",NULL,"2017-04-23 13:33:29","2017-04-23 13:33:29",NULL
CSSSA000161,"LA GRANDEZA",NULL,"2017-04-23 13:33:29","2017-04-23 13:33:29",NULL
CSSSA000173,"BIENES COMUNALES LA LAGUNA",NULL,"2017-04-23 13:33:29","2017-04-23 13:33:29",NULL
CSSSA000185,"SANTA CECILIA EL PEDREGAL",NULL,"2017-04-23 13:33:29","2017-04-23 13:33:29",NULL
CSSSA000190,"NUEVA GALILEA",NULL,"2017-04-23 13:33:29","2017-04-23 13:33:29",NULL
CSSSA000202,MORELIA,NULL,"2017-04-23 13:33:29","2017-04-23 13:33:29",NULL
CSSSA000214,"SAN MIGUEL CHIPTIC",NULL,"2017-04-23 13:33:29","2017-04-23 13:33:29",NULL
CSSSA000226,"COL. ADOLFO LÓPEZ MATEOS",NULL,"2017-04-23 13:33:29","2017-04-23 13:33:29",NULL
CSSSA000243,"GUADALUPE VICTORIA",NULL,"2017-04-23 13:33:29","2017-04-23 13:33:29",NULL
CSSSA000255,"EL LIMÓN",NULL,"2017-04-23 13:33:29","2017-04-23 13:33:29",NULL
CSSSA000260,ESQUIPULAS,NULL,"2017-04-23 13:33:29","2017-04-23 13:33:29",NULL
CSSSA000272,"EL NARANJO 2A. SECCIÓN",NULL,"2017-04-23 13:33:29","2017-04-23 13:33:29",NULL
CSSSA000284,"REFORMA Y PLANADA",NULL,"2017-04-23 13:33:29","2017-04-23 13:33:29",NULL
CSSSA000301,AGUACATILLO,NULL,"2017-04-23 13:33:29","2017-04-23 13:33:29",NULL
CSSSA000313,CHIQUISBIL,NULL,"2017-04-23 13:33:29","2017-04-23 13:33:29",NULL
CSSSA000325,"FRANCISCO I. MADERO",NULL,"2017-04-23 13:33:29","2017-04-23 13:33:29",NULL
CSSSA000342,"OJO DE AGUA LAS CRUCES",NULL,"2017-04-23 13:33:29","2017-04-23 13:33:29",NULL
CSSSA000354,"PACAYAL FRONTERA",NULL,"2017-04-23 13:33:29","2017-04-23 13:33:29",NULL
CSSSA000371,"RÍO GUERRERO",NULL,"2017-04-23 13:33:29","2017-04-23 13:33:29",NULL
CSSSA000383,"20 DE NOVIEMBRE",NULL,"2017-04-23 13:33:29","2017-04-23 13:33:29",NULL
CSSSA000395,PALESTINA,NULL,"2017-04-23 13:33:29","2017-04-23 13:33:29",NULL
CSSSA000412,"H. B. C. DE ÁNGEL ALBINO CORZO",000137,"2017-04-23 13:33:29","2017-04-23 13:33:29",NULL
CSSSA000424,"LIBERTAD EL PAJAL",NULL,"2017-04-23 13:33:29","2017-04-23 13:33:29",NULL
CSSSA000436,"NUEVA INDEPENDENCIA",NULL,"2017-04-23 13:33:29","2017-04-23 13:33:29",NULL
CSSSA000441,"SALVADOR URBINA",NULL,"2017-04-23 13:33:29","2017-04-23 13:33:29",NULL
CSSSA000453,"HOSPITAL GENERAL JUÁREZ ARRIAGA",00015,"2017-04-23 13:33:29","2017-04-23 13:33:29",NULL
CSSSA000465,ARRIAGA,NULL,"2017-04-23 13:33:29","2017-04-23 13:33:29",NULL
CSSSA000470,"LAS ARENAS",NULL,"2017-04-23 13:33:29","2017-04-23 13:33:29",NULL
CSSSA000482,"LA AZTECA",NULL,"2017-04-23 13:33:29","2017-04-23 13:33:29",NULL
CSSSA000494,"COL. 5 DE FEBRERO (CALERA)",NULL,"2017-04-23 13:33:29","2017-04-23 13:33:29",NULL
CSSSA000506,"PESQUERÍA LA GLORIA",NULL,"2017-04-23 13:33:29","2017-04-23 13:33:29",NULL
CSSSA000511,"LÁZARO CÁRDENAS",NULL,"2017-04-23 13:33:29","2017-04-23 13:33:29",NULL
CSSSA000523,"PESQUERÍA LA LÍNEA",NULL,"2017-04-23 13:33:29","2017-04-23 13:33:29",NULL
CSSSA000535,"NICOLÁS BRAVO",NULL,"2017-04-23 13:33:29","2017-04-23 13:33:29",NULL
CSSSA000540,"EL FORTÍN",NULL,"2017-04-23 13:33:29","2017-04-23 13:33:29",NULL
CSSSA000552,"AGRÍCOLA 20 DE NOVIEMBRE ( LA MICA)",NULL,"2017-04-23 13:33:29","2017-04-23 13:33:29",NULL
CSSSA000564,"EL CERCADILLO",NULL,"2017-04-23 13:33:29","2017-04-23 13:33:29",NULL
CSSSA000576,"OJO DE AGUA CENTRO",NULL,"2017-04-23 13:33:29","2017-04-23 13:33:29",NULL
CSSSA000581,BELLAVISTA,NULL,"2017-04-23 13:33:29","2017-04-23 13:33:29",NULL
CSSSA000593,CHEMIC,NULL,"2017-04-23 13:33:29","2017-04-23 13:33:29",NULL
CSSSA000605,"LAS NUBES",NULL,"2017-04-23 13:33:29","2017-04-23 13:33:29",NULL
CSSSA000610,"NUEVO PACAYAL",NULL,"2017-04-23 13:33:29","2017-04-23 13:33:29",NULL
CSSSA000622,"SAN JOSÉ CHICHARRAS",NULL,"2017-04-23 13:33:29","2017-04-23 13:33:29",NULL
CSSSA000634,"LAS CHICHARRAS",NULL,"2017-04-23 13:33:29","2017-04-23 13:33:29",NULL
CSSSA000646,"OJO DE AGUA CÁRDENAS",NULL,"2017-04-23 13:33:29","2017-04-23 13:33:29",NULL
CSSSA000651,BERRIOZÁBAL,NULL,"2017-04-23 13:33:29","2017-04-23 13:33:29",NULL
CSSSA000663,"EFRAÍN A. GUTIÉRREZ",NULL,"2017-04-23 13:33:29","2017-04-23 13:33:29",NULL
CSSSA000675,"IGNACIO ZARAGOZA",NULL,"2017-04-23 13:33:29","2017-04-23 13:33:29",NULL
CSSSA000680,"SAN MARTÍN",NULL,"2017-04-23 13:33:29","2017-04-23 13:33:29",NULL
CSSSA000692,"CONGREGACIÓN AMENDU",NULL,"2017-04-23 13:33:29","2017-04-23 13:33:29",NULL
CSSSA000704,"TIERRA Y LIBERTAD",NULL,"2017-04-23 13:33:29","2017-04-23 13:33:29",NULL
CSSSA000716,"SANTA CRUZ NIHO",NULL,"2017-04-23 13:33:29","2017-04-23 13:33:29",NULL
CSSSA000733,"EMILIANO ZAPATA",NULL,"2017-04-23 13:33:29","2017-04-23 13:33:29",NULL
CSSSA000745,"EL BOSQUE",NULL,"2017-04-23 13:33:29","2017-04-23 13:33:29",NULL
CSSSA000750,CHAVAJEVAL,NULL,"2017-04-23 13:33:29","2017-04-23 13:33:29",NULL
CSSSA000762,"LAS DELICIAS",NULL,"2017-04-23 13:33:29","2017-04-23 13:33:29",NULL
CSSSA000774,CACAHOATÁN,NULL,"2017-04-23 13:33:29","2017-04-23 13:33:29",NULL
CSSSA000786,MIXCUM,NULL,"2017-04-23 13:33:29","2017-04-23 13:33:29",NULL
CSSSA000791,"PLAYAS DE CATAZAJÁ",NULL,"2017-04-23 13:33:29","2017-04-23 13:33:29",NULL
CSSSA000803,"BOCA DEL RÍO CHICO",NULL,"2017-04-23 13:33:29","2017-04-23 13:33:29",NULL
CSSSA000815,"CASA DE SALUD LA TUZA",NULL,"2017-04-23 13:33:29","2017-04-23 13:33:29",NULL
CSSSA000820,"C.S. VILLA FRACCIONAMIENTO EL ROSARIO",NULL,"2017-04-23 13:33:29","2017-04-23 13:33:29",NULL
CSSSA000832,"H. B. C. DE CINTALAPA DE FIGUEROA",000117,"2017-04-23 13:33:29","2017-04-23 13:33:29",NULL
CSSSA000844,CINTALAPA,NULL,"2017-04-23 13:33:29","2017-04-23 13:33:29",NULL
CSSSA000861,"FCO. I. MADERO",NULL,"2017-04-23 13:33:29","2017-04-23 13:33:29",NULL
CSSSA000873,"LIC. GUSTAVO DÍAZ ORDAZ",NULL,"2017-04-23 13:33:29","2017-04-23 13:33:29",NULL
CSSSA000885,"CS. 1 NUEVA TENOCHTITLAN",NULL,"2017-04-23 13:33:29","2017-04-23 13:33:29",NULL
CSSSA000890,"POMPOSO CASTELLANOS",NULL,"2017-04-23 13:33:29","2017-04-23 13:33:29",NULL
CSSSA000902,"ELOY BORRAS AGUILAR",NULL,"2017-04-23 13:33:29","2017-04-23 13:33:29",NULL
CSSSA000914,VISTAHERMOSA,NULL,"2017-04-23 13:33:29","2017-04-23 13:33:29",NULL
CSSSA000926,"UNIDAD MODELO",NULL,"2017-04-23 13:33:29","2017-04-23 13:33:29",NULL
CSSSA000931,"PIMIENTA BERLÍN",NULL,"2017-04-23 13:33:29","2017-04-23 13:33:29",NULL
CSSSA000943,"SAN MARCOS",NULL,"2017-04-23 13:33:29","2017-04-23 13:33:29",NULL
CSSSA000955,GUAMÚCHIL,NULL,"2017-04-23 13:33:29","2017-04-23 13:33:29",NULL
CSSSA000960,"BENITO JUÁREZ II",NULL,"2017-04-23 13:33:29","2017-04-23 13:33:29",NULL
CSSSA000972,"EMILIANO ZAPATA",NULL,"2017-04-23 13:33:29","2017-04-23 13:33:29",NULL
CSSSA000996,"RIBERA LLANO GRANDE",NULL,"2017-04-23 13:33:29","2017-04-23 13:33:29",NULL
CSSSA001001,"LIC. BUENAVISTA MATA SANOS",NULL,"2017-04-23 13:33:29","2017-04-23 13:33:29",NULL
CSSSA001013,"JOSÉ MARÍA MORELOS Y PAVÓN",NULL,"2017-04-23 13:33:29","2017-04-23 13:33:29",NULL
CSSSA001025,MORELIA,NULL,"2017-04-23 13:33:29","2017-04-23 13:33:29",NULL
CSSSA001030,"HOSPITAL GENERAL MARÍA IGNACIA GANDULFO COMITAN",000112,"2017-04-23 13:33:29","2017-04-23 13:33:29",NULL
CSSSA001042,"COMITÁN DE DOMÍNGUEZ",NULL,"2017-04-23 13:33:29","2017-04-23 13:33:29",NULL
CSSSA001054,CAJCAM,NULL,"2017-04-23 13:33:29","2017-04-23 13:33:29",NULL
CSSSA001066,"CHICHIMA CHACALJEMEL",NULL,"2017-04-23 13:33:29","2017-04-23 13:33:29",NULL
CSSSA001071,HIDALGO,NULL,"2017-04-23 13:33:29","2017-04-23 13:33:29",NULL
CSSSA001083,"JUZNAJAB LA LAGUNA",NULL,"2017-04-23 13:33:29","2017-04-23 13:33:29",NULL
CSSSA001095,"LAGUNA LARGA",NULL,"2017-04-23 13:33:29","2017-04-23 13:33:29",NULL
CSSSA001100,"SAN ANTONIO OGOTZIL",NULL,"2017-04-23 13:33:29","2017-04-23 13:33:29",NULL
CSSSA001112,"PRIMERO DE MAYO",NULL,"2017-04-23 13:33:29","2017-04-23 13:33:29",NULL
CSSSA001124,QUIJA,NULL,"2017-04-23 13:33:29","2017-04-23 13:33:29",NULL
CSSSA001136,"SAN JOSÉ YOCNAJAB",NULL,"2017-04-23 13:33:29","2017-04-23 13:33:29",NULL
CSSSA001165,"GUADALUPE PALMIRA",NULL,"2017-04-23 13:33:29","2017-04-23 13:33:29",NULL
CSSSA001170,"STA. ROSALÍA",NULL,"2017-04-23 13:33:29","2017-04-23 13:33:29",NULL
CSSSA001182,"NUEVA CONCORDIA",NULL,"2017-04-23 13:33:29","2017-04-23 13:33:29",NULL
CSSSA001194,"BENITO JUÁREZ",NULL,"2017-04-23 13:33:29","2017-04-23 13:33:29",NULL
CSSSA001206,CUXTEPEQUES,NULL,"2017-04-23 13:33:29","2017-04-23 13:33:29",NULL
CSSSA001211,"DOLORES JALTENANGO",NULL,"2017-04-23 13:33:29","2017-04-23 13:33:29",NULL
CSSSA001223,"GUADALUPE VICTORIA",NULL,"2017-04-23 13:33:29","2017-04-23 13:33:29",NULL
CSSSA001235,"NIÑOS HÉROES",NULL,"2017-04-23 13:33:29","2017-04-23 13:33:29",NULL
CSSSA001240,"AGUA PRIETA",NULL,"2017-04-23 13:33:29","2017-04-23 13:33:29",NULL
CSSSA001252,REFORMA,NULL,"2017-04-23 13:33:29","2017-04-23 13:33:29",NULL
CSSSA001264,"LAS TORONJAS",NULL,"2017-04-23 13:33:29","2017-04-23 13:33:29",NULL
CSSSA001276,"DIAMANTE DE ECHEVERRÍA",NULL,"2017-04-23 13:33:29","2017-04-23 13:33:29",NULL
CSSSA001281,"EL ÁMBAR DE ECHEVERRÍA",NULL,"2017-04-23 13:33:29","2017-04-23 13:33:29",NULL
CSSSA001293,"PLAN DE LA LIBERTAD",NULL,"2017-04-23 13:33:29","2017-04-23 13:33:29",NULL
CSSSA001305,"SAN FRANCISCO",NULL,"2017-04-23 13:33:29","2017-04-23 13:33:29",NULL
CSSSA001322,COPAINALÁ,NULL,"2017-04-23 13:33:29","2017-04-23 13:33:29",NULL
CSSSA001334,CAMPECHE,NULL,"2017-04-23 13:33:29","2017-04-23 13:33:29",NULL
CSSSA001346,"FRANCISCO SARABIA",NULL,"2017-04-23 13:33:29","2017-04-23 13:33:29",NULL
CSSSA001351,"MIGUEL HIDALGO (ZACALAPA)",NULL,"2017-04-23 13:33:29","2017-04-23 13:33:29",NULL
CSSSA001363,"AGUSTÍN DE ITURBIDE",NULL,"2017-04-23 13:33:29","2017-04-23 13:33:29",NULL
CSSSA001375,"BENITO JUÁREZ",NULL,"2017-04-23 13:33:29","2017-04-23 13:33:29",NULL
CSSSA001380,"LÁZARO CÁRDENAS",NULL,"2017-04-23 13:33:29","2017-04-23 13:33:29",NULL
CSSSA001416,"MATERNIDAD CHAMULA",NULL,"2017-04-23 13:33:29","2017-04-23 13:33:29",NULL
CSSSA001421,"CRUZ QUEMADA",NULL,"2017-04-23 13:33:29","2017-04-23 13:33:29",NULL
CSSSA001433,ICALUMTIC,NULL,"2017-04-23 13:33:29","2017-04-23 13:33:29",NULL
CSSSA001445,JOMALHO,NULL,"2017-04-23 13:33:29","2017-04-23 13:33:29",NULL
CSSSA001450,"RANCHO NARVÁEZ",NULL,"2017-04-23 13:33:29","2017-04-23 13:33:29",NULL
CSSSA001462,ROMERILLO,NULL,"2017-04-23 13:33:29","2017-04-23 13:33:29",NULL
CSSSA001474,SACLAMANTÓN,NULL,"2017-04-23 13:33:29","2017-04-23 13:33:29",NULL
CSSSA001491,"CRUZ CHOT",NULL,"2017-04-23 13:33:29","2017-04-23 13:33:29",NULL
CSSSA001503,NICHÉN,NULL,"2017-04-23 13:33:29","2017-04-23 13:33:29",NULL
CSSSA001515,JOLNAJOLTIC,NULL,"2017-04-23 13:33:29","2017-04-23 13:33:29",NULL
CSSSA001520,MAJOMUT,NULL,"2017-04-23 13:33:29","2017-04-23 13:33:29",NULL
CSSSA001532,CHANAL,NULL,"2017-04-23 13:33:29","2017-04-23 13:33:29",NULL
CSSSA001556,"CENTRO VALTIERRA",NULL,"2017-04-23 13:33:29","2017-04-23 13:33:29",NULL
CSSSA001561,CHENALHÓ,NULL,"2017-04-23 13:33:29","2017-04-23 13:33:29",NULL
CSSSA001573,"BELISARIO DOMÍNGUEZ",NULL,"2017-04-23 13:33:29","2017-04-23 13:33:29",NULL
CSSSA001585,"CHIMIX DOS",NULL,"2017-04-23 13:33:29","2017-04-23 13:33:29",NULL
CSSSA001602,"COLONIA PUEBLA",NULL,"2017-04-23 13:33:29","2017-04-23 13:33:29",NULL
CSSSA001614,"YABTECLUM PUEBLO NUEVO",NULL,"2017-04-23 13:33:29","2017-04-23 13:33:29",NULL
CSSSA001626,"CHIAPA DE CORZO",NULL,"2017-04-23 13:33:29","2017-04-23 13:33:29",NULL
CSSSA001631,"RIBERA EL AMATAL",NULL,"2017-04-23 13:33:29","2017-04-23 13:33:29",NULL
CSSSA001643,"RIBERA DE CUPÍA",NULL,"2017-04-23 13:33:29","2017-04-23 13:33:29",NULL
CSSSA001655,"JUAN DE GRIJALVA",NULL,"2017-04-23 13:33:29","2017-04-23 13:33:29",NULL
CSSSA001660,"MIGUEL HIDALGO",NULL,"2017-04-23 13:33:29","2017-04-23 13:33:29",NULL
CSSSA001672,"NARCISO MENDOZA",NULL,"2017-04-23 13:33:29","2017-04-23 13:33:29",NULL
CSSSA001684,"PASO ACHIOTE",NULL,"2017-04-23 13:33:29","2017-04-23 13:33:29",NULL
CSSSA001696,"VENUSTIANO CARRANZA",NULL,"2017-04-23 13:33:29","2017-04-23 13:33:29",NULL
CSSSA001701,"DR. MANUEL VELASCO SUÁREZ",NULL,"2017-04-23 13:33:29","2017-04-23 13:33:29",NULL
CSSSA001725,CHICOMUSELO,NULL,"2017-04-23 13:33:29","2017-04-23 13:33:29",NULL
CSSSA001742,"CUATRO CAMINOS",NULL,"2017-04-23 13:33:29","2017-04-23 13:33:29",NULL
CSSSA001754,"MIGUEL ALEMÁN",NULL,"2017-04-23 13:33:29","2017-04-23 13:33:29",NULL
CSSSA001766,"PIEDRA LABRADA",NULL,"2017-04-23 13:33:29","2017-04-23 13:33:29",NULL
CSSSA001771,"LA PINTA",NULL,"2017-04-23 13:33:29","2017-04-23 13:33:29",NULL
CSSSA001783,"BARRIO POTRERILLOS",NULL,"2017-04-23 13:33:29","2017-04-23 13:33:29",NULL
CSSSA001795,"MONTE SINAÍ",NULL,"2017-04-23 13:33:29","2017-04-23 13:33:29",NULL
CSSSA001800,ZACUALPA,NULL,"2017-04-23 13:33:29","2017-04-23 13:33:29",NULL
CSSSA001812,"NUEVA GRECIA",NULL,"2017-04-23 13:33:29","2017-04-23 13:33:29",NULL
CSSSA001824,CHILÓN,NULL,"2017-04-23 13:33:29","2017-04-23 13:33:29",NULL
CSSSA001836,"AURORA GRANDE",NULL,"2017-04-23 13:33:29","2017-04-23 13:33:29",NULL
CSSSA001841,BACHAJÓN,NULL,"2017-04-23 13:33:29","2017-04-23 13:33:29",NULL
CSSSA001894,JOYBÉ,NULL,"2017-04-23 13:33:29","2017-04-23 13:33:29",NULL
CSSSA001906,JOLAQUIL,NULL,"2017-04-23 13:33:29","2017-04-23 13:33:29",NULL
CSSSA001911,JOL-SACJÚN,NULL,"2017-04-23 13:33:29","2017-04-23 13:33:29",NULL
CSSSA001923,"EL MAP",NULL,"2017-04-23 13:33:29","2017-04-23 13:33:29",NULL
CSSSA001940,MEQUEJA,NULL,"2017-04-23 13:33:29","2017-04-23 13:33:29",NULL
CSSSA001952,"PAMAL NAVIL",NULL,"2017-04-23 13:33:29","2017-04-23 13:33:29",NULL
CSSSA001976,PINABETAL,NULL,"2017-04-23 13:33:29","2017-04-23 13:33:29",NULL
CSSSA002005,"BAJ TRANCA",NULL,"2017-04-23 13:33:29","2017-04-23 13:33:29",NULL
CSSSA002010,"JUNA SABINES VERAPAZ",NULL,"2017-04-23 13:33:29","2017-04-23 13:33:29",NULL
CSSSA002080,"SACJÚN CUWITZ",NULL,"2017-04-23 13:33:29","2017-04-23 13:33:29",NULL
CSSSA002104,"CURVA LIQUILWITZ",NULL,"2017-04-23 13:33:29","2017-04-23 13:33:29",NULL
CSSSA002121,WILIBJÁ,NULL,"2017-04-23 13:33:29","2017-04-23 13:33:29",NULL
CSSSA002145,"SAN ANTONIO BULUJIB",NULL,"2017-04-23 13:33:29","2017-04-23 13:33:29",NULL
CSSSA002162,"NAHILTÉ 2DA. SECCIÓN",NULL,"2017-04-23 13:33:29","2017-04-23 13:33:29",NULL
CSSSA002203,"CENTRO DE SALUD CON HOSPITALIZACIÓN (ESCUINTLA)",NULL,"2017-04-23 13:33:29","2017-04-23 13:33:29",NULL
CSSSA002215,"FRACCIÓN BANDERAS",NULL,"2017-04-23 13:33:29","2017-04-23 13:33:29",NULL
CSSSA002220,"OVANDO TURQUÍA",NULL,"2017-04-23 13:33:29","2017-04-23 13:33:29",NULL
CSSSA002232,"SANTA EMILIA",NULL,"2017-04-23 13:33:29","2017-04-23 13:33:29",NULL
CSSSA002244,"SAN FELIPE TIZAPA",NULL,"2017-04-23 13:33:29","2017-04-23 13:33:29",NULL
CSSSA002256,"EL TRIUNFO",NULL,"2017-04-23 13:33:29","2017-04-23 13:33:29",NULL
CSSSA002261,"CENTRO DE SALUD MANACAL LLANO GRANDE",NULL,"2017-04-23 13:33:29","2017-04-23 13:33:29",NULL
CSSSA002273,"SAN JOSÉ MASPAC",NULL,"2017-04-23 13:33:29","2017-04-23 13:33:29",NULL
CSSSA002290,"VICENTE GUERRERO",NULL,"2017-04-23 13:33:29","2017-04-23 13:33:29",NULL
CSSSA002314,"FRONTERA COMALAPA",NULL,"2017-04-23 13:33:29","2017-04-23 13:33:29",NULL
CSSSA002326,"BELLAVISTA DEL NORTE",NULL,"2017-04-23 13:33:29","2017-04-23 13:33:29",NULL
CSSSA002331,"CD. CUAUHTÉMOC",NULL,"2017-04-23 13:33:29","2017-04-23 13:33:29",NULL
CSSSA002343,"NUEVO MÉXICO",NULL,"2017-04-23 13:33:29","2017-04-23 13:33:29",NULL
CSSSA002355,"EL PORTAL",NULL,"2017-04-23 13:33:29","2017-04-23 13:33:29",NULL
CSSSA002360,"SANTA ROSA (BENITO JUÁREZ)",NULL,"2017-04-23 13:33:29","2017-04-23 13:33:29",NULL
CSSSA002372,"EL TRIUNFO DE LAS TRES MARAVILLAS",NULL,"2017-04-23 13:33:29","2017-04-23 13:33:29",NULL
CSSSA002384,VERAPAZ,NULL,"2017-04-23 13:33:29","2017-04-23 13:33:29",NULL
CSSSA002396,"AGUA ZARCA",NULL,"2017-04-23 13:33:29","2017-04-23 13:33:29",NULL
CSSSA002401,"FRONTERA HIDALGO",NULL,"2017-04-23 13:33:29","2017-04-23 13:33:29",NULL
CSSSA002413,"CANTÓN SANTA CRUZ",NULL,"2017-04-23 13:33:29","2017-04-23 13:33:29",NULL
CSSSA002425,"LA PINADA",NULL,"2017-04-23 13:33:29","2017-04-23 13:33:29",NULL
CSSSA002430,HUEHUETÁN,NULL,"2017-04-23 13:33:29","2017-04-23 13:33:29",NULL
CSSSA002442,"COAPANTES BUENA VISTA",NULL,"2017-04-23 13:33:29","2017-04-23 13:33:29",NULL
CSSSA002454,"CANTÓN CHAMULAPA",NULL,"2017-04-23 13:33:29","2017-04-23 13:33:29",NULL
CSSSA002466,"SANTA ELENA",NULL,"2017-04-23 13:33:29","2017-04-23 13:33:29",NULL
CSSSA002483,"LÁZARO CÁRDENAS CHILIL",NULL,"2017-04-23 13:33:29","2017-04-23 13:33:29",NULL
CSSSA002495,MACUSHTETIC,NULL,"2017-04-23 13:33:29","2017-04-23 13:33:29",NULL
CSSSA002500,"SAN PEDRO PEDERNAL",NULL,"2017-04-23 13:33:29","2017-04-23 13:33:29",NULL
CSSSA002512,"SAN PEDRO LA TEJERÍA",NULL,"2017-04-23 13:33:29","2017-04-23 13:33:29",NULL
CSSSA002524,YALCUC,NULL,"2017-04-23 13:33:29","2017-04-23 13:33:29",NULL
CSSSA002541,HUITIUPÁN,NULL,"2017-04-23 13:33:29","2017-04-23 13:33:29",NULL
CSSSA002553,"EL AZUFRE",NULL,"2017-04-23 13:33:29","2017-04-23 13:33:29",NULL
CSSSA002565,HUANAL,NULL,"2017-04-23 13:33:29","2017-04-23 13:33:29",NULL
CSSSA002570,"EL OCOTAL",NULL,"2017-04-23 13:33:29","2017-04-23 13:33:29",NULL
CSSSA002582,"LA VENTANA",NULL,"2017-04-23 13:33:29","2017-04-23 13:33:29",NULL
CSSSA002594,"ZACATONAL DE JUÁREZ",NULL,"2017-04-23 13:33:29","2017-04-23 13:33:29",NULL
CSSSA002611,"HOSPITAL GENERAL HUIXTLA",00016,"2017-04-23 13:33:29","2017-04-23 13:33:29",NULL
CSSSA002623,"CENTRO DE SALUD URBANO HUIXTLA",NULL,"2017-04-23 13:33:29","2017-04-23 13:33:29",NULL
CSSSA002635,DELICIAS,NULL,"2017-04-23 13:33:29","2017-04-23 13:33:29",NULL
CSSSA002640,"EFRAÍN A. GUTIÉRREZ",NULL,"2017-04-23 13:33:29","2017-04-23 13:33:29",NULL
CSSSA002652,"UNIDAD MÉDICA MÓVIL ESTRELLA ROJA",NULL,"2017-04-23 13:33:29","2017-04-23 13:33:29",NULL
CSSSA002664,"JOSÉ MARÍA MORELOS Y PAVÓN",NULL,"2017-04-23 13:33:29","2017-04-23 13:33:29",NULL
CSSSA002676,"CANTÓN PLAYA GRANDE",NULL,"2017-04-23 13:33:29","2017-04-23 13:33:29",NULL
CSSSA002681,"TZINACAL BUENOS AIRES",NULL,"2017-04-23 13:33:29","2017-04-23 13:33:29",NULL
CSSSA002693,"LA UNIÓN",NULL,"2017-04-23 13:33:29","2017-04-23 13:33:29",NULL
CSSSA002705,AZTLÁN,NULL,"2017-04-23 13:33:29","2017-04-23 13:33:29",NULL
CSSSA002710,"LA INDEPENDENCIA",NULL,"2017-04-23 13:33:29","2017-04-23 13:33:29",NULL
CSSSA002722,"ROSARIO BADENIA",NULL,"2017-04-23 13:33:29","2017-04-23 13:33:29",NULL
CSSSA002734,"EMILIANO ZAPATA",NULL,"2017-04-23 13:33:29","2017-04-23 13:33:29",NULL
CSSSA002746,"FRANCISCO SARABIA",NULL,"2017-04-23 13:33:29","2017-04-23 13:33:29",NULL
CSSSA002763,"LA PATRIA",NULL,"2017-04-23 13:33:29","2017-04-23 13:33:29",NULL
CSSSA002775,"TIERRA BLANCA",NULL,"2017-04-23 13:33:29","2017-04-23 13:33:29",NULL
CSSSA002780,IXHUATÁN,NULL,"2017-04-23 13:33:29","2017-04-23 13:33:29",NULL
CSSSA002792,"SAN MIGUEL",NULL,"2017-04-23 13:33:29","2017-04-23 13:33:29",NULL
CSSSA002816,IXTACOMITÁN,NULL,"2017-04-23 13:33:29","2017-04-23 13:33:29",NULL
CSSSA002821,ARENAL,NULL,"2017-04-23 13:33:29","2017-04-23 13:33:29",NULL
CSSSA002833,"EMILIANO ZAPATA",NULL,"2017-04-23 13:33:29","2017-04-23 13:33:29",NULL
CSSSA002845,"MATAMOROS 1A. SECCIÓN",NULL,"2017-04-23 13:33:29","2017-04-23 13:33:29",NULL
CSSSA002850,"NUEVO LINDAVISTA",NULL,"2017-04-23 13:33:29","2017-04-23 13:33:29",NULL
CSSSA002862,IXTAPA,NULL,"2017-04-23 13:33:29","2017-04-23 13:33:29",NULL
CSSSA002874,"CARLOS A. VIDAL",NULL,"2017-04-23 13:33:29","2017-04-23 13:33:29",NULL
CSSSA002886,CONCEPCIÓN,NULL,"2017-04-23 13:33:29","2017-04-23 13:33:29",NULL
CSSSA002891,"EJIDO NUEVO SAN MIGUEL MITONTIC",NULL,"2017-04-23 13:33:29","2017-04-23 13:33:29",NULL
CSSSA002903,MAZANILHO,NULL,"2017-04-23 13:33:29","2017-04-23 13:33:29",NULL
CSSSA002920,"JANA 2A. SECCIÓN",NULL,"2017-04-23 13:33:29","2017-04-23 13:33:29",NULL
CSSSA002932,JIQUIPILAS,NULL,"2017-04-23 13:33:29","2017-04-23 13:33:29",NULL
CSSSA002956,"JOSÉ MARÍA PINO SUÁREZ",NULL,"2017-04-23 13:33:29","2017-04-23 13:33:29",NULL
CSSSA002961,MICHOACÁN,NULL,"2017-04-23 13:33:29","2017-04-23 13:33:29",NULL
CSSSA002973,"CENTRO DE SALUD NUEVA PALESTINA",NULL,"2017-04-23 13:33:29","2017-04-23 13:33:29",NULL
CSSSA002985,"ANDRÉS QUINTANA ROO",NULL,"2017-04-23 13:33:29","2017-04-23 13:33:29",NULL
CSSSA002990,TILTEPEC,NULL,"2017-04-23 13:33:29","2017-04-23 13:33:29",NULL
CSSSA003002,"HIERBA SANTA",NULL,"2017-04-23 13:33:29","2017-04-23 13:33:29",NULL
CSSSA003026,"BENITO JUÁREZ",NULL,"2017-04-23 13:33:29","2017-04-23 13:33:29",NULL
CSSSA003031,"SANTA ROSA",NULL,"2017-04-23 13:33:29","2017-04-23 13:33:29",NULL
CSSSA003043,MARAVILLAS,NULL,"2017-04-23 13:33:29","2017-04-23 13:33:29",NULL
CSSSA003055,PAREDÓN,NULL,"2017-04-23 13:33:29","2017-04-23 13:33:29",NULL
CSSSA003060,"RUBÉN JARAMILLO",NULL,"2017-04-23 13:33:29","2017-04-23 13:33:29",NULL
CSSSA003084,JUÁREZ,NULL,"2017-04-23 13:33:29","2017-04-23 13:33:29",NULL
CSSSA003096,"EJIDO IGNACIO ALLENDE",NULL,"2017-04-23 13:33:29","2017-04-23 13:33:29",NULL
CSSSA003101,"5 DE MAYO",NULL,"2017-04-23 13:33:29","2017-04-23 13:33:29",NULL
CSSSA003113,"SAN ANDRÉS LARRAINZAR",NULL,"2017-04-23 13:33:29","2017-04-23 13:33:29",NULL
CSSSA003125,"BAYALEMHO DOS",NULL,"2017-04-23 13:33:29","2017-04-23 13:33:29",NULL
CSSSA003130,STENLEJSOSTETIC,NULL,"2017-04-23 13:33:29","2017-04-23 13:33:29",NULL
CSSSA003171,"LA LIBERTAD",NULL,"2017-04-23 13:33:29","2017-04-23 13:33:29",NULL
CSSSA003183,"BENITO JUÁREZ",NULL,"2017-04-23 13:33:29","2017-04-23 13:33:29",NULL
CSSSA003195,ALDAMA,NULL,"2017-04-23 13:33:29","2017-04-23 13:33:29",NULL
CSSSA003200,MAPASTEPEC,NULL,"2017-04-23 13:33:29","2017-04-23 13:33:29",NULL
CSSSA003212,"ADOLFO RUIZ CORTINES",NULL,"2017-04-23 13:33:29","2017-04-23 13:33:29",NULL
CSSSA003224,"LA PLAYA",NULL,"2017-04-23 13:33:29","2017-04-23 13:33:29",NULL
CSSSA003236,"ABRAHAM GONZÁLEZ",NULL,"2017-04-23 13:33:29","2017-04-23 13:33:29",NULL
CSSSA003241,"BARRITA DE PAJÓN",NULL,"2017-04-23 13:33:29","2017-04-23 13:33:29",NULL
CSSSA003253,"EJIDO IBARRA",NULL,"2017-04-23 13:33:29","2017-04-23 13:33:29",NULL
CSSSA003265,"H. B. C. DE LAS MARGARITAS",000140,"2017-04-23 13:33:29","2017-04-23 13:33:29",NULL
CSSSA003270,"AMPARO AGUA TINTA",NULL,"2017-04-23 13:33:29","2017-04-23 13:33:29",NULL
CSSSA003294,"GABRIEL LEYVA VELÁZQUEZ",NULL,"2017-04-23 13:33:29","2017-04-23 13:33:29",NULL
CSSSA003306,"IGNACIO ZARAGOZA",NULL,"2017-04-23 13:33:29","2017-04-23 13:33:29",NULL
CSSSA003311,JALISCO,NULL,"2017-04-23 13:33:29","2017-04-23 13:33:29",NULL
CSSSA003323,"JUSTO SIERRA",NULL,"2017-04-23 13:33:29","2017-04-23 13:33:29",NULL
CSSSA003381,"SAN CARLOS DEL RÍO",NULL,"2017-04-23 13:33:29","2017-04-23 13:33:29",NULL
CSSSA003393,"SAN ISIDRO",NULL,"2017-04-23 13:33:29","2017-04-23 13:33:29",NULL
CSSSA003405,"SANTA MARTHA",NULL,"2017-04-23 13:33:29","2017-04-23 13:33:29",NULL
CSSSA003410,"SAN JOSÉ LAS PALMAS",NULL,"2017-04-23 13:33:29","2017-04-23 13:33:29",NULL
CSSSA003422,"SAN PEDRO YUTNIOTIC",NULL,"2017-04-23 13:33:29","2017-04-23 13:33:29",NULL
CSSSA003451,"SANTA RITA SONORA",NULL,"2017-04-23 13:33:29","2017-04-23 13:33:29",NULL
CSSSA003475,"SAN ANTONIO BAWITZ",NULL,"2017-04-23 13:33:29","2017-04-23 13:33:29",NULL
CSSSA003480,"LA ESMERALDA",NULL,"2017-04-23 13:33:29","2017-04-23 13:33:29",NULL
CSSSA003492,JERUSALEM,NULL,"2017-04-23 13:33:29","2017-04-23 13:33:29",NULL
CSSSA003504,"LUCHA CAMPESINA",NULL,"2017-04-23 13:33:29","2017-04-23 13:33:29",NULL
CSSSA003516,"ESPÍRITU SANTO",NULL,"2017-04-23 13:33:29","2017-04-23 13:33:29",NULL
CSSSA003533,"EL ENCANTO",NULL,"2017-04-23 13:33:29","2017-04-23 13:33:29",NULL
CSSSA003545,PROGRESO,NULL,"2017-04-23 13:33:29","2017-04-23 13:33:29",NULL
CSSSA003550,"LAS PERLAS",NULL,"2017-04-23 13:33:29","2017-04-23 13:33:29",NULL
CSSSA003574,"SAN JOSÉ LA REVANCHA",NULL,"2017-04-23 13:33:29","2017-04-23 13:33:29",NULL
CSSSA003586,"GUADALUPE LAS FLORES",NULL,"2017-04-23 13:33:29","2017-04-23 13:33:29",NULL
CSSSA003591,"UNIÓN VICTORIA",NULL,"2017-04-23 13:33:29","2017-04-23 13:33:29",NULL
CSSSA003603,"MAZAPA DE MADERO",NULL,"2017-04-23 13:33:29","2017-04-23 13:33:29",NULL
CSSSA003615,"GRANADOS TALCANAQUE",NULL,"2017-04-23 13:33:29","2017-04-23 13:33:29",NULL
CSSSA003620,"LIBERTAD FRONTERA",NULL,"2017-04-23 13:33:29","2017-04-23 13:33:29",NULL
CSSSA003644,"CANTÓN CORRALITO",NULL,"2017-04-23 13:33:29","2017-04-23 13:33:29",NULL
CSSSA003656,"MARTE R. GÓMEZ",NULL,"2017-04-23 13:33:29","2017-04-23 13:33:29",NULL
CSSSA003661,"SANTA CLARA",NULL,"2017-04-23 13:33:29","2017-04-23 13:33:29",NULL
CSSSA003673,"LA VICTORIA",NULL,"2017-04-23 13:33:29","2017-04-23 13:33:29",NULL
CSSSA003685,"ADOLFO RUÍZ CORTINES",NULL,"2017-04-23 13:33:29","2017-04-23 13:33:29",NULL
CSSSA003690,"LÁZARO CÁRDENAS",NULL,"2017-04-23 13:33:29","2017-04-23 13:33:29",NULL
CSSSA003702,MITONTIC,NULL,"2017-04-23 13:33:29","2017-04-23 13:33:29",NULL
CSSSA003714,CHALAM,NULL,"2017-04-23 13:33:29","2017-04-23 13:33:29",NULL
CSSSA003726,"MOTOZINTLA DE MENDOZA",NULL,"2017-04-23 13:33:29","2017-04-23 13:33:29",NULL
CSSSA003731,CABAÑAS,NULL,"2017-04-23 13:33:29","2017-04-23 13:33:29",NULL
CSSSA003743,"FRANCISCO I. MADERO",NULL,"2017-04-23 13:33:29","2017-04-23 13:33:29",NULL
CSSSA003755,"SANTA ANA PINABETO",NULL,"2017-04-23 13:33:29","2017-04-23 13:33:29",NULL
CSSSA003760,"RINCÓN DEL BOSQUE",NULL,"2017-04-23 13:33:29","2017-04-23 13:33:29",NULL
CSSSA003772,"VICENTE GUERRERO",NULL,"2017-04-23 13:33:29","2017-04-23 13:33:29",NULL
CSSSA003796,"MIGUEL ALEMÁN",NULL,"2017-04-23 13:33:29","2017-04-23 13:33:29",NULL
CSSSA003801,"RINCÓN BUENAVISTA",NULL,"2017-04-23 13:33:29","2017-04-23 13:33:29",NULL
CSSSA003813,"LLANO GRANDE",NULL,"2017-04-23 13:33:29","2017-04-23 13:33:29",NULL
CSSSA003825,"LA VERBENA",NULL,"2017-04-23 13:33:29","2017-04-23 13:33:29",NULL
CSSSA003830,"EL HORIZONTE",NULL,"2017-04-23 13:33:29","2017-04-23 13:33:29",NULL
CSSSA003842,OCOSINGO,NULL,"2017-04-23 13:33:29","2017-04-23 13:33:29",NULL
CSSSA003854,"PERLA DE ACAPULCO",NULL,"2017-04-23 13:33:29","2017-04-23 13:33:29",NULL
CSSSA003895,"DOLORES LAS PALMAS",NULL,"2017-04-23 13:33:29","2017-04-23 13:33:29",NULL
CSSSA003900,"LA FRONTERA",NULL,"2017-04-23 13:33:29","2017-04-23 13:33:29",NULL
CSSSA003912,NAZARETH,NULL,"2017-04-23 13:33:29","2017-04-23 13:33:29",NULL
CSSSA003941,"SAN MARCOS",NULL,"2017-04-23 13:33:29","2017-04-23 13:33:29",NULL
CSSSA003953,"SAN ANTONIO LAS DELICIAS PAMALA",NULL,"2017-04-23 13:33:29","2017-04-23 13:33:29",NULL
CSSSA003965,"LA UNIÓN",NULL,"2017-04-23 13:33:29","2017-04-23 13:33:29",NULL
CSSSA003970,YAXOQUIMTELA,NULL,"2017-04-23 13:33:29","2017-04-23 13:33:29",NULL
CSSSA003982,"EL ZAPOTAL UNO",NULL,"2017-04-23 13:33:29","2017-04-23 13:33:29",NULL
CSSSA004006,"CONGREGACION VIRGINIA",NULL,"2017-04-23 13:33:29","2017-04-23 13:33:29",NULL
CSSSA004011,"SANTA ELENA",NULL,"2017-04-23 13:33:29","2017-04-23 13:33:29",NULL
CSSSA004023,"OJO DE AGUA",NULL,"2017-04-23 13:33:29","2017-04-23 13:33:29",NULL
CSSSA004035,"NUEVA PALESTINA",NULL,"2017-04-23 13:33:29","2017-04-23 13:33:29",NULL
CSSSA004040,"FRONTERA COROZAL",NULL,"2017-04-23 13:33:29","2017-04-23 13:33:29",NULL
CSSSA004052,"MIGUEL HIDALGO",NULL,"2017-04-23 13:33:29","2017-04-23 13:33:29",NULL
CSSSA004064,"RAMÓN F. BALBOA",NULL,"2017-04-23 13:33:29","2017-04-23 13:33:29",NULL
CSSSA004076,"SANTO DOMINGO",NULL,"2017-04-23 13:33:29","2017-04-23 13:33:29",NULL
CSSSA004105,"NUEVA MORELIA",NULL,"2017-04-23 13:33:29","2017-04-23 13:33:29",NULL
CSSSA004122,"SAN JUAN RÓMULO CALZADA",NULL,"2017-04-23 13:33:29","2017-04-23 13:33:29",NULL
CSSSA004146,"LA TRINIDAD",NULL,"2017-04-23 13:33:29","2017-04-23 13:33:29",NULL
CSSSA004163,"CHAVARICO LAS PALMAS",NULL,"2017-04-23 13:33:29","2017-04-23 13:33:29",NULL
CSSSA004175,"PUEBLO NUEVO UNO",NULL,"2017-04-23 13:33:29","2017-04-23 13:33:29",NULL
CSSSA004180,MACEDONIA,NULL,"2017-04-23 13:33:29","2017-04-23 13:33:29",NULL
CSSSA004204,BALAXTE,NULL,"2017-04-23 13:33:29","2017-04-23 13:33:29",NULL
CSSSA004216,"LA SOLEDAD",NULL,"2017-04-23 13:33:29","2017-04-23 13:33:29",NULL
CSSSA004233,YAXALA,NULL,"2017-04-23 13:33:29","2017-04-23 13:33:29",NULL
CSSSA004245,"EL PROGRESO",NULL,"2017-04-23 13:33:29","2017-04-23 13:33:29",NULL
CSSSA004250,PATIHUITZ,NULL,"2017-04-23 13:33:29","2017-04-23 13:33:29",NULL
CSSSA004262,"NUEVO DURANGO",NULL,"2017-04-23 13:33:29","2017-04-23 13:33:29",NULL
CSSSA004291,OCOZOCOAUTLA,NULL,"2017-04-23 13:33:29","2017-04-23 13:33:29",NULL
CSSSA004303,"EJIDO GRAL. FRANCISCO VILLA",NULL,"2017-04-23 13:33:29","2017-04-23 13:33:29",NULL
CSSSA004320,"HERMENEGILDO GALEANA",NULL,"2017-04-23 13:33:29","2017-04-23 13:33:29",NULL
CSSSA004332,"JOSÉ CASTILLO TIELMAN",NULL,"2017-04-23 13:33:29","2017-04-23 13:33:29",NULL
CSSSA004344,"RAYMUNDO ENRÍQUEZ (VISTA HERMOSA)",NULL,"2017-04-23 13:33:29","2017-04-23 13:33:29",NULL
CSSSA004356,"ARMANDO ZEBADÚA",NULL,"2017-04-23 13:33:29","2017-04-23 13:33:29",NULL
CSSSA004361,"ALFREDO V. BONFIL",NULL,"2017-04-23 13:33:29","2017-04-23 13:33:29",NULL
CSSSA004373,"LÁZARO CÁRDENAS",NULL,"2017-04-23 13:33:29","2017-04-23 13:33:29",NULL
CSSSA004385,"LA INDEPENDENCIA (LAS PILAS)",NULL,"2017-04-23 13:33:29","2017-04-23 13:33:29",NULL
CSSSA004390,"NUEVO EMBARCADERO APIC - PAC",NULL,"2017-04-23 13:33:29","2017-04-23 13:33:29",NULL
CSSSA004402,"EMBARCADERO APIC - PAC",NULL,"2017-04-23 13:33:29","2017-04-23 13:33:29",NULL
CSSSA004426,"CATEDRAL DE CHIAPAS",NULL,"2017-04-23 13:33:29","2017-04-23 13:33:29",NULL
CSSSA004431,"SALOMÓN GONZÁLEZ BLANCO",NULL,"2017-04-23 13:33:29","2017-04-23 13:33:29",NULL
CSSSA004443,"PLAN DE AYALA",NULL,"2017-04-23 13:33:29","2017-04-23 13:33:29",NULL
CSSSA004455,"JUAN DEL GRIJALVA",NULL,"2017-04-23 13:33:29","2017-04-23 13:33:29",NULL
CSSSA004460,"PEÑA 2A. SECCIÓN",NULL,"2017-04-23 13:33:29","2017-04-23 13:33:29",NULL
CSSSA004472,"LAGUNA LA CAMPANA",NULL,"2017-04-23 13:33:29","2017-04-23 13:33:29",NULL
CSSSA004484,"TRIUNFO AGRARISTA",NULL,"2017-04-23 13:33:29","2017-04-23 13:33:29",NULL
CSSSA004496,OXCHUC,NULL,"2017-04-23 13:33:29","2017-04-23 13:33:29",NULL
CSSSA004530,MESBILJA,NULL,"2017-04-23 13:33:29","2017-04-23 13:33:29",NULL
CSSSA004542,"EL NIZ",NULL,"2017-04-23 13:33:29","2017-04-23 13:33:29",NULL
CSSSA004566,TZONTEALJA,NULL,"2017-04-23 13:33:29","2017-04-23 13:33:29",NULL
CSSSA004583,"GUADALUPE BACJA",NULL,"2017-04-23 13:33:29","2017-04-23 13:33:29",NULL
CSSSA004595,"HOSPITAL GENERAL PALENQUE",000127,"2017-04-23 13:33:29","2017-04-23 13:33:29",NULL
CSSSA004600,PALENQUE,NULL,"2017-04-23 13:33:29","2017-04-23 13:33:29",NULL
CSSSA004612,CHACAMAX,NULL,"2017-04-23 13:33:29","2017-04-23 13:33:29",NULL
CSSSA004624,"NUEVO EDÉN",NULL,"2017-04-23 13:33:29","2017-04-23 13:33:29",NULL
CSSSA004641,"LÁZARO CÁRDENAS",NULL,"2017-04-23 13:33:29","2017-04-23 13:33:29",NULL
CSSSA004665,"EL NARANJO",NULL,"2017-04-23 13:33:29","2017-04-23 13:33:29",NULL
CSSSA004670,"NUEVA ESPERANZA 1Âª SECCIÓN",NULL,"2017-04-23 13:33:29","2017-04-23 13:33:29",NULL
CSSSA004694,"RÍO CHANCALÁ",NULL,"2017-04-23 13:33:29","2017-04-23 13:33:29",NULL
CSSSA004706,"SAN MATEO (ANTES SAN FELIPE)",NULL,"2017-04-23 13:33:29","2017-04-23 13:33:29",NULL
CSSSA004723,"SAN MARTÍN CHAMIZAL",NULL,"2017-04-23 13:33:29","2017-04-23 13:33:29",NULL
CSSSA004735,"SAN MATEO",NULL,"2017-04-23 13:33:29","2017-04-23 13:33:29",NULL
CSSSA004740,"TOMÁS GARRIDO CANABAL",NULL,"2017-04-23 13:33:29","2017-04-23 13:33:29",NULL
CSSSA004752,"LA UNIÓN",NULL,"2017-04-23 13:33:29","2017-04-23 13:33:29",NULL
CSSSA004764,"ROBERTO BARRIOS",NULL,"2017-04-23 13:33:29","2017-04-23 13:33:29",NULL
CSSSA004776,"MIGUEL HIDALGO",NULL,"2017-04-23 13:33:29","2017-04-23 13:33:29",NULL
CSSSA004793,"SATURNINO RÍOS",NULL,"2017-04-23 13:33:29","2017-04-23 13:33:29",NULL
CSSSA004810,CHOCOLJAITO,NULL,"2017-04-23 13:33:29","2017-04-23 13:33:29",NULL
CSSSA004822,"EBEN EZER",NULL,"2017-04-23 13:33:29","2017-04-23 13:33:29",NULL
CSSSA004834,"NUEVA ESPERANZA PROGRESISTA",NULL,"2017-04-23 13:33:29","2017-04-23 13:33:29",NULL
CSSSA004846,PANTELHÓ,NULL,"2017-04-23 13:33:29","2017-04-23 13:33:29",NULL
CSSSA004904,"EL CAMPO",NULL,"2017-04-23 13:33:29","2017-04-23 13:33:29",NULL
CSSSA004916,CARRIZAL,NULL,"2017-04-23 13:33:29","2017-04-23 13:33:29",NULL
CSSSA004945,"HOSPITAL GENERAL PICHUCALCO",00011,"2017-04-23 13:33:29","2017-04-23 13:33:29",NULL
CSSSA004950,PICHUCALCO,NULL,"2017-04-23 13:33:29","2017-04-23 13:33:29",NULL
CSSSA004962,"VIEJO NICAPA",NULL,"2017-04-23 13:33:29","2017-04-23 13:33:29",NULL
CSSSA004986,"CAMOAPITA 2A. SECCIÓN",NULL,"2017-04-23 13:33:29","2017-04-23 13:33:29",NULL
CSSSA004991,"AZUFRE 2A. SECCIÓN",NULL,"2017-04-23 13:33:29","2017-04-23 13:33:29",NULL
CSSSA005003,TECTUAPAN,NULL,"2017-04-23 13:33:29","2017-04-23 13:33:29",NULL
CSSSA005015,"IGNACIO ZARAGOZA",NULL,"2017-04-23 13:33:29","2017-04-23 13:33:29",NULL
CSSSA005020,PIJIJIAPAN,NULL,"2017-04-23 13:33:29","2017-04-23 13:33:29",NULL
CSSSA005032,"LAS BRISAS",NULL,"2017-04-23 13:33:29","2017-04-23 13:33:29",NULL
CSSSA005044,"EL ROSARIO",NULL,"2017-04-23 13:33:29","2017-04-23 13:33:29",NULL
CSSSA005056,"EL CARMEN",NULL,"2017-04-23 13:33:29","2017-04-23 13:33:29",NULL
CSSSA005061,"NUEVA COAPA ECHEGARAY",NULL,"2017-04-23 13:33:29","2017-04-23 13:33:29",NULL
CSSSA005073,"HERMENEGILDO GALEANA",NULL,"2017-04-23 13:33:29","2017-04-23 13:33:29",NULL
CSSSA005085,"JOAQUÍN AMARO (EJIDO TAMAULIPAS)",NULL,"2017-04-23 13:33:29","2017-04-23 13:33:29",NULL
CSSSA005090,"NUEVA FLOR",NULL,"2017-04-23 13:33:29","2017-04-23 13:33:29",NULL
CSSSA005102,PROGRESO,NULL,"2017-04-23 13:33:29","2017-04-23 13:33:29",NULL
CSSSA005114,"EL TOPÓN",NULL,"2017-04-23 13:33:29","2017-04-23 13:33:29",NULL
CSSSA005126,"SALTO DE AGUA",NULL,"2017-04-23 13:33:29","2017-04-23 13:33:29",NULL
CSSSA005131,"SAN ISIDRO",NULL,"2017-04-23 13:33:29","2017-04-23 13:33:29",NULL
CSSSA005143,TAPACHULITA,NULL,"2017-04-23 13:33:29","2017-04-23 13:33:29",NULL
CSSSA005155,"EJIDO LA ESPERANZA (ZAPOTAL)",NULL,"2017-04-23 13:33:29","2017-04-23 13:33:29",NULL
CSSSA005160,"RANCH. CHOCOHUITAL ( EMB. COSTA AZUL)",NULL,"2017-04-23 13:33:29","2017-04-23 13:33:29",NULL
CSSSA005172,TUTUAM,NULL,"2017-04-23 13:33:29","2017-04-23 13:33:29",NULL
CSSSA005184,"GUSTAVO LÓPEZ GUTIÉRREZ",NULL,"2017-04-23 13:33:29","2017-04-23 13:33:29",NULL
CSSSA005196,"EJIDO NUEVA URBINA",NULL,"2017-04-23 13:33:29","2017-04-23 13:33:29",NULL
CSSSA005201,"EJIDO EL VERGEL",NULL,"2017-04-23 13:33:29","2017-04-23 13:33:29",NULL
CSSSA005213,"EJIDO LA CONQUISTA",NULL,"2017-04-23 13:33:29","2017-04-23 13:33:29",NULL
CSSSA005225,"NUEVO TENEJAPA (EL RECREO)",NULL,"2017-04-23 13:33:29","2017-04-23 13:33:29",NULL
CSSSA005230,"SAN ANTONIO MANCOMUN",NULL,"2017-04-23 13:33:29","2017-04-23 13:33:29",NULL
CSSSA005242,"NUEVO MILENIO SANTA CRUZ",NULL,"2017-04-23 13:33:29","2017-04-23 13:33:29",NULL
CSSSA005254,ZAPOTILLO,NULL,"2017-04-23 13:33:29","2017-04-23 13:33:29",NULL
CSSSA005266,"VILLA COLMALTITLÁN",NULL,"2017-04-23 13:33:29","2017-04-23 13:33:29",NULL
CSSSA005271,"LA FLOR DE LOTE UNO",NULL,"2017-04-23 13:33:29","2017-04-23 13:33:29",NULL
CSSSA005283,"LA FLOR DE LOTE II",NULL,"2017-04-23 13:33:29","2017-04-23 13:33:29",NULL
CSSSA005295,"MANUEL ÁVILA CAMACHO",NULL,"2017-04-23 13:33:29","2017-04-23 13:33:29",NULL
CSSSA005300,"MONTE FLOR ARRIBA",NULL,"2017-04-23 13:33:29","2017-04-23 13:33:29",NULL
CSSSA005312,MULATAL,NULL,"2017-04-23 13:33:29","2017-04-23 13:33:29",NULL
CSSSA005324,"RÍO ARRIBA SALVACIÓN",NULL,"2017-04-23 13:33:29","2017-04-23 13:33:29",NULL
CSSSA005336,"CANTÓN SANTA CRUZ LA UNIÓN",NULL,"2017-04-23 13:33:29","2017-04-23 13:33:29",NULL
CSSSA005341,"PUEBLO NUEVO SOLISTAHUACÁN",NULL,"2017-04-23 13:33:29","2017-04-23 13:33:29",NULL
CSSSA005353,"ARROYO GRANDE",NULL,"2017-04-23 13:33:29","2017-04-23 13:33:29",NULL
CSSSA005370,"AURORA ERMITA",NULL,"2017-04-23 13:33:29","2017-04-23 13:33:29",NULL
CSSSA005382,"LOS LOTES",NULL,"2017-04-23 13:33:29","2017-04-23 13:33:29",NULL
CSSSA005394,"EL ESTORAQUE",NULL,"2017-04-23 13:33:29","2017-04-23 13:33:29",NULL
CSSSA005406,"MONTE OLIVO",NULL,"2017-04-23 13:33:29","2017-04-23 13:33:29",NULL
CSSSA005411,"PLAN LÁZARO CÁRDENAS",NULL,"2017-04-23 13:33:29","2017-04-23 13:33:29",NULL
CSSSA005423,"EMILIANO ZAPATA II",NULL,"2017-04-23 13:33:29","2017-04-23 13:33:29",NULL
CSSSA005435,RAYÓN,NULL,"2017-04-23 13:33:29","2017-04-23 13:33:29",NULL
CSSSA005440,CARRIZAL,NULL,"2017-04-23 13:33:29","2017-04-23 13:33:29",NULL
CSSSA005452,"GUADALUPE VICTORIA",NULL,"2017-04-23 13:33:29","2017-04-23 13:33:29",NULL
CSSSA005464,REFORMA,NULL,"2017-04-23 13:33:29","2017-04-23 13:33:29",NULL
CSSSA005481,"IGNACIO ZARAGOZA",NULL,"2017-04-23 13:33:29","2017-04-23 13:33:29",NULL
CSSSA005493,"MACAYO 2A. SECCIÓN",NULL,"2017-04-23 13:33:29","2017-04-23 13:33:29",NULL
CSSSA005505,"SANTA CRUZ",NULL,"2017-04-23 13:33:29","2017-04-23 13:33:29",NULL
CSSSA005510,"LAS ROSAS",NULL,"2017-04-23 13:33:29","2017-04-23 13:33:29",NULL
CSSSA005522,IXTAPILLA,NULL,"2017-04-23 13:33:29","2017-04-23 13:33:29",NULL
CSSSA005546,CHIPILINAR,NULL,"2017-04-23 13:33:29","2017-04-23 13:33:29",NULL
CSSSA005551,"SAN ANTONIO EL PARAJE",NULL,"2017-04-23 13:33:29","2017-04-23 13:33:29",NULL
CSSSA005563,SABANILLA,NULL,"2017-04-23 13:33:29","2017-04-23 13:33:29",NULL
CSSSA005580,"LOS NARANJOS",NULL,"2017-04-23 13:33:29","2017-04-23 13:33:29",NULL
CSSSA005592,"EL PARAÍSO",NULL,"2017-04-23 13:33:29","2017-04-23 13:33:29",NULL
CSSSA005604,QUIOICH,NULL,"2017-04-23 13:33:29","2017-04-23 13:33:29",NULL
CSSSA005616,"FRANCISCO VILLA",NULL,"2017-04-23 13:33:29","2017-04-23 13:33:29",NULL
CSSSA005621,"ATOYAC NAYLUM",NULL,"2017-04-23 13:33:29","2017-04-23 13:33:29",NULL
CSSSA005645,"SALTO DE AGUA",NULL,"2017-04-23 13:33:29","2017-04-23 13:33:29",NULL
CSSSA005650,"ARROYO PALENQUE",NULL,"2017-04-23 13:33:29","2017-04-23 13:33:29",NULL
CSSSA005662,"IGNACIO ZARAGOZA",NULL,"2017-04-23 13:33:29","2017-04-23 13:33:29",NULL
CSSSA005674,"SANTA RITA 1Âª SECCIÓN (MICHOL)",NULL,"2017-04-23 13:33:29","2017-04-23 13:33:29",NULL
CSSSA005686,"NUEVO MUNDO *",NULL,"2017-04-23 13:33:29","2017-04-23 13:33:29",NULL
CSSSA005691,POTLOJA,NULL,"2017-04-23 13:33:29","2017-04-23 13:33:29",NULL
CSSSA005720,"RÍO JORDÁN",NULL,"2017-04-23 13:33:29","2017-04-23 13:33:29",NULL
CSSSA005732,"VICENTE GUERRERO",NULL,"2017-04-23 13:33:29","2017-04-23 13:33:29",NULL
CSSSA005744,"AGUA CLARA",NULL,"2017-04-23 13:33:29","2017-04-23 13:33:29",NULL
CSSSA005756,"SAN PEDRO SABANA",NULL,"2017-04-23 13:33:29","2017-04-23 13:33:29",NULL
CSSSA005773,"HOSPITAL DE LA MUJER SAN CRISTÓBAL DE LAS CASAS",000111,"2017-04-23 13:33:29","2017-04-23 13:33:29",NULL
CSSSA005785,"SAN CRISTÓBAL DE LAS CASAS CHIAPAS",NULL,"2017-04-23 13:33:29","2017-04-23 13:33:29",NULL
CSSSA005790,"EL MANZANILLO",NULL,"2017-04-23 13:33:29","2017-04-23 13:33:29",NULL
CSSSA005802,"ZACUALPA ECATEPEC",NULL,"2017-04-23 13:33:29","2017-04-23 13:33:29",NULL
CSSSA005814,MITZITÓN,NULL,"2017-04-23 13:33:29","2017-04-23 13:33:29",NULL
CSSSA005826,"SAN ANTONIO LOS BAÑOS",NULL,"2017-04-23 13:33:29","2017-04-23 13:33:29",NULL
CSSSA005831,"SAN ANTONIO LAS ROSAS",NULL,"2017-04-23 13:33:29","2017-04-23 13:33:29",NULL
CSSSA005843,"SAN FERNANDO",NULL,"2017-04-23 13:33:29","2017-04-23 13:33:29",NULL
CSSSA005855,CUAUHTÉMOC,NULL,"2017-04-23 13:33:29","2017-04-23 13:33:29",NULL
CSSSA005860,"MIGUEL HIDALGO",NULL,"2017-04-23 13:33:29","2017-04-23 13:33:29",NULL
CSSSA005872,"EL PROGRESO",NULL,"2017-04-23 13:33:29","2017-04-23 13:33:29",NULL
CSSSA005884,"SAN ANTONIO",NULL,"2017-04-23 13:33:29","2017-04-23 13:33:29",NULL
CSSSA005896,"EL CARMELO",NULL,"2017-04-23 13:33:29","2017-04-23 13:33:29",NULL
CSSSA005901,SILTEPEC,NULL,"2017-04-23 13:33:29","2017-04-23 13:33:29",NULL
CSSSA005913,"SANTO DOMINGO LA CASCADA",NULL,"2017-04-23 13:33:29","2017-04-23 13:33:29",NULL
CSSSA005925,"CRUZ DE PIEDRA",NULL,"2017-04-23 13:33:29","2017-04-23 13:33:29",NULL
CSSSA005930,HONDURAS,NULL,"2017-04-23 13:33:29","2017-04-23 13:33:29",NULL
CSSSA005942,"EL LETRERO",NULL,"2017-04-23 13:33:29","2017-04-23 13:33:29",NULL
CSSSA005954,"EL MATAZANOS",NULL,"2017-04-23 13:33:29","2017-04-23 13:33:29",NULL
CSSSA005966,"SAN ANTONIO LA PINADA",NULL,"2017-04-23 13:33:29","2017-04-23 13:33:29",NULL
CSSSA005971,"SAN LUCAS",NULL,"2017-04-23 13:33:29","2017-04-23 13:33:29",NULL
CSSSA005983,"SANTA MARÍA",NULL,"2017-04-23 13:33:29","2017-04-23 13:33:29",NULL
CSSSA005995,"VEGA DEL ROSARIO",NULL,"2017-04-23 13:33:29","2017-04-23 13:33:29",NULL
CSSSA006000,"VILLA FLORES",NULL,"2017-04-23 13:33:29","2017-04-23 13:33:29",NULL
CSSSA006012,"GUADALUPE VICTORIA",NULL,"2017-04-23 13:33:29","2017-04-23 13:33:29",NULL
CSSSA006024,"NUEVA ARGENTINA",NULL,"2017-04-23 13:33:29","2017-04-23 13:33:29",NULL
CSSSA006036,"LA SOLEDAD",NULL,"2017-04-23 13:33:29","2017-04-23 13:33:29",NULL
CSSSA006041,"VILLA HERMOSA",NULL,"2017-04-23 13:33:29","2017-04-23 13:33:29",NULL
CSSSA006053,"LA LAGUNA",NULL,"2017-04-23 13:33:29","2017-04-23 13:33:29",NULL
CSSSA006065,"SAN FRANCISCO",NULL,"2017-04-23 13:33:29","2017-04-23 13:33:29",NULL
CSSSA006070,"EL PARAÍSO",NULL,"2017-04-23 13:33:29","2017-04-23 13:33:29",NULL
CSSSA006082,"LOS CIPRESES",NULL,"2017-04-23 13:33:29","2017-04-23 13:33:29",NULL
CSSSA006094,SIMOJOVEL,NULL,"2017-04-23 13:33:29","2017-04-23 13:33:29",NULL
CSSSA006106,"CARMITO BUENA VISTA",NULL,"2017-04-23 13:33:29","2017-04-23 13:33:29",NULL
CSSSA006140,"EJIDO CONSTITUCIÓN",NULL,"2017-04-23 13:33:29","2017-04-23 13:33:29",NULL
CSSSA006152,"LOS POCITOS",NULL,"2017-04-23 13:33:29","2017-04-23 13:33:29",NULL
CSSSA006164,"GUADALUPE VICTORIA",NULL,"2017-04-23 13:33:29","2017-04-23 13:33:29",NULL
CSSSA006181,"CONCEPCIÓN BUENAVISTA",NULL,"2017-04-23 13:33:29","2017-04-23 13:33:29",NULL
CSSSA006205,"GOLONCHÁN VIEJO",NULL,"2017-04-23 13:33:29","2017-04-23 13:33:29",NULL
CSSSA006210,"SANTA BÁRBARA",NULL,"2017-04-23 13:33:29","2017-04-23 13:33:29",NULL
CSSSA006222,"LA UNIÓN",NULL,"2017-04-23 13:33:29","2017-04-23 13:33:29",NULL
CSSSA006234,"PAMALÁ PICOTÉ",NULL,"2017-04-23 13:33:29","2017-04-23 13:33:29",NULL
CSSSA006263,SOCOLTENANGO,NULL,"2017-04-23 13:33:29","2017-04-23 13:33:29",NULL
CSSSA006275,"UNIÓN GUADALUPE",NULL,"2017-04-23 13:33:29","2017-04-23 13:33:29",NULL
CSSSA006292,"SAN VICENTE PAUCHIL",NULL,"2017-04-23 13:33:29","2017-04-23 13:33:29",NULL
CSSSA006304,"REFORMA AGRARIA",NULL,"2017-04-23 13:33:29","2017-04-23 13:33:29",NULL
CSSSA006316,"PUERTO RICO",NULL,"2017-04-23 13:33:29","2017-04-23 13:33:29",NULL
CSSSA006321,"EL BENEFICIO",NULL,"2017-04-23 13:33:29","2017-04-23 13:33:29",NULL
CSSSA006333,"CERRO DE LAS CAMPANAS",NULL,"2017-04-23 13:33:29","2017-04-23 13:33:29",NULL
CSSSA006345,SUCHIAPA,NULL,"2017-04-23 13:33:29","2017-04-23 13:33:29",NULL
CSSSA006350,PACÚ,NULL,"2017-04-23 13:33:29","2017-04-23 13:33:29",NULL
CSSSA006362,"CIUDAD HIDALGO",NULL,"2017-04-23 13:33:29","2017-04-23 13:33:29",NULL
CSSSA006374,"EMILIANO ZAPATA",NULL,"2017-04-23 13:33:29","2017-04-23 13:33:29",NULL
CSSSA006386,"TIERRA Y LIBERTAD",NULL,"2017-04-23 13:33:29","2017-04-23 13:33:29",NULL
CSSSA006391,ESQUIPULAS,NULL,"2017-04-23 13:33:29","2017-04-23 13:33:29",NULL
CSSSA006403,"HOSPITAL GENERAL TAPACHULA",000131,"2017-04-23 13:33:29","2017-04-23 13:33:29",NULL
CSSSA006415,"TAPACHULA SANTA CLARA",NULL,"2017-04-23 13:33:29","2017-04-23 13:33:29",NULL
CSSSA006420,"VILLA DE LAS FLORES (TAPACHULA)",NULL,"2017-04-23 13:33:29","2017-04-23 13:33:29",NULL
CSSSA006432,"TAPACHULA INDECO CEBADILLA",NULL,"2017-04-23 13:33:29","2017-04-23 13:33:29",NULL
CSSSA006444,"TAPACHULA DE CÓRDOBA Y ORDÓÑEZ",NULL,"2017-04-23 13:33:29","2017-04-23 13:33:29",NULL
CSSSA006456,"ÁLVARO OBREGÓN",NULL,"2017-04-23 13:33:29","2017-04-23 13:33:29",NULL
CSSSA006461,"CARRILLO PUERTO",NULL,"2017-04-23 13:33:29","2017-04-23 13:33:29",NULL
CSSSA006473,"CEBADILLA 2A. SECCIÓN",NULL,"2017-04-23 13:33:29","2017-04-23 13:33:29",NULL
CSSSA006485,"EL EDÉN",NULL,"2017-04-23 13:33:29","2017-04-23 13:33:29",NULL
CSSSA006490,"FRACCIÓN HERMOSILLO",NULL,"2017-04-23 13:33:29","2017-04-23 13:33:29",NULL
CSSSA006502,"LLANO DE LA LIMA",NULL,"2017-04-23 13:33:29","2017-04-23 13:33:29",NULL
CSSSA006526,"JOSÉ MARÍA MORELOS",NULL,"2017-04-23 13:33:29","2017-04-23 13:33:29",NULL
CSSSA006531,"PUERTO MADERO",NULL,"2017-04-23 13:33:29","2017-04-23 13:33:29",NULL
CSSSA006543,"RAYMUNDO ENRÍQUEZ",NULL,"2017-04-23 13:33:29","2017-04-23 13:33:29",NULL
CSSSA006555,"SAN CRISTÓBAL BUENA VISTA",NULL,"2017-04-23 13:33:29","2017-04-23 13:33:29",NULL
CSSSA006560,"RANCHERÍA SANTA RITA",NULL,"2017-04-23 13:33:29","2017-04-23 13:33:29",NULL
CSSSA006572,"C.S. TINAJAS 1A. SECCIÓN",NULL,"2017-04-23 13:33:29","2017-04-23 13:33:29",NULL
CSSSA006584,"3A. SECCIÓN TINAJAS",NULL,"2017-04-23 13:33:29","2017-04-23 13:33:29",NULL
CSSSA006596,"EJIDO TOLUCA",NULL,"2017-04-23 13:33:29","2017-04-23 13:33:29",NULL
CSSSA006601,"VIVA MÉXICO",NULL,"2017-04-23 13:33:29","2017-04-23 13:33:29",NULL
CSSSA006613,"2A. SECCIÓN DE TINAJAS",NULL,"2017-04-23 13:33:29","2017-04-23 13:33:29",NULL
CSSSA006625,"EJIDO CHANJALÉ SALCHIJI",NULL,"2017-04-23 13:33:29","2017-04-23 13:33:29",NULL
CSSSA006630,"CANTÓN PROVIDENCIA",NULL,"2017-04-23 13:33:29","2017-04-23 13:33:29",NULL
CSSSA006642,"CANTÓN EL TRIUNFO",NULL,"2017-04-23 13:33:29","2017-04-23 13:33:29",NULL
CSSSA006654,"CANTÓN ACAXMAN",NULL,"2017-04-23 13:33:29","2017-04-23 13:33:29",NULL
CSSSA006666,MAZONO,NULL,"2017-04-23 13:33:29","2017-04-23 13:33:29",NULL
CSSSA006683,"SAN FRANCISCO JACONA",NULL,"2017-04-23 13:33:29","2017-04-23 13:33:29",NULL
CSSSA006695,TECPATAN,NULL,"2017-04-23 13:33:29","2017-04-23 13:33:29",NULL
CSSSA006700,"COL. ADOLFO LÓPEZ MATEOS",NULL,"2017-04-23 13:33:29","2017-04-23 13:33:29",NULL
CSSSA006724,"ESPERANZA DE LOS POBRES",NULL,"2017-04-23 13:33:29","2017-04-23 13:33:29",NULL
CSSSA006736,"FRANCISCO I. MADERO",NULL,"2017-04-23 13:33:29","2017-04-23 13:33:29",NULL
CSSSA006741,"GUSTAVO DÍAZ ORDAZ",NULL,"2017-04-23 13:33:29","2017-04-23 13:33:29",NULL
CSSSA006753,"MIGUEL HIDALGO Y COSTILLA",NULL,"2017-04-23 13:33:29","2017-04-23 13:33:29",NULL
CSSSA006765,"RAUDALES MALPASO",NULL,"2017-04-23 13:33:29","2017-04-23 13:33:29",NULL
CSSSA006770,"ÁNGEL ALBINO CORZO",NULL,"2017-04-23 13:33:29","2017-04-23 13:33:29",NULL
CSSSA006782,PIZTINGÉN,NULL,"2017-04-23 13:33:29","2017-04-23 13:33:29",NULL
CSSSA006794,"COL. EL PORVENIR",NULL,"2017-04-23 13:33:29","2017-04-23 13:33:29",NULL
CSSSA006806,"SAN FERNANDO DÍAZ MARITANO",NULL,"2017-04-23 13:33:29","2017-04-23 13:33:29",NULL
CSSSA006811,"DIQUE II (VICENTE GUERRERO)",NULL,"2017-04-23 13:33:29","2017-04-23 13:33:29",NULL
CSSSA006823,"EL EDÉN",NULL,"2017-04-23 13:33:29","2017-04-23 13:33:29",NULL
CSSSA006835,TENEJAPA,NULL,"2017-04-23 13:33:29","2017-04-23 13:33:29",NULL
CSSSA006840,MATZAM,NULL,"2017-04-23 13:33:29","2017-04-23 13:33:29",NULL
CSSSA006852,SHISHINTONIL,NULL,"2017-04-23 13:33:29","2017-04-23 13:33:29",NULL
CSSSA006876,TEOPISCA,NULL,"2017-04-23 13:33:29","2017-04-23 13:33:29",NULL
CSSSA006893,DOLORES,NULL,"2017-04-23 13:33:29","2017-04-23 13:33:29",NULL
CSSSA006905,BETANIA,NULL,"2017-04-23 13:33:29","2017-04-23 13:33:29",NULL
CSSSA006910,JERUSALÉN,NULL,"2017-04-23 13:33:29","2017-04-23 13:33:29",NULL
CSSSA006922,"VISTA HERMOSA",NULL,"2017-04-23 13:33:29","2017-04-23 13:33:29",NULL
CSSSA006934,"H. B. C. DE TILA",00018,"2017-04-23 13:33:29","2017-04-23 13:33:29",NULL
CSSSA006946,TILA,NULL,"2017-04-23 13:33:29","2017-04-23 13:33:29",NULL
CSSSA006951,"ÁLVARO OBREGÓN",NULL,"2017-04-23 13:33:29","2017-04-23 13:33:29",NULL
CSSSA006963,CARRIZAL,NULL,"2017-04-23 13:33:29","2017-04-23 13:33:29",NULL
CSSSA007004,USIPA,NULL,"2017-04-23 13:33:29","2017-04-23 13:33:29",NULL
CSSSA007021,"ZAQUITEL OJO DE AGUA",NULL,"2017-04-23 13:33:29","2017-04-23 13:33:29",NULL
CSSSA007033,"NUEVO LIMAR",NULL,"2017-04-23 13:33:29","2017-04-23 13:33:29",NULL
CSSSA007050,"JOLJA TIONTIEPA",NULL,"2017-04-23 13:33:29","2017-04-23 13:33:29",NULL
CSSSA007062,"WILLIS 2Âª SECCIÓN",NULL,"2017-04-23 13:33:29","2017-04-23 13:33:29",NULL
CSSSA007074,"HOSPITAL GENERAL DR. JUAN C. CORZO TONALÁ",00019,"2017-04-23 13:33:29","2017-04-23 13:33:29",NULL
CSSSA007086,TONALÁ,NULL,"2017-04-23 13:33:29","2017-04-23 13:33:29",NULL
CSSSA007091,"PUERTO ARISTA",NULL,"2017-04-23 13:33:29","2017-04-23 13:33:29",NULL
CSSSA007103,"BELISARIO DOMÍNGUEZ",NULL,"2017-04-23 13:33:29","2017-04-23 13:33:29",NULL
CSSSA007115,"CABEZA DE TORO",NULL,"2017-04-23 13:33:29","2017-04-23 13:33:29",NULL
CSSSA007120,"LA ESPERANZA",NULL,"2017-04-23 13:33:29","2017-04-23 13:33:29",NULL
CSSSA007132,"HUACHIPILÍN CALENTURA",NULL,"2017-04-23 13:33:29","2017-04-23 13:33:29",NULL
CSSSA007144,"IGNACIO RAMÍREZ",NULL,"2017-04-23 13:33:29","2017-04-23 13:33:29",NULL
CSSSA007156,CENICEROS,NULL,"2017-04-23 13:33:29","2017-04-23 13:33:29",NULL
CSSSA007161,NOYOLA,NULL,"2017-04-23 13:33:29","2017-04-23 13:33:29",NULL
CSSSA007173,"BAHÍA DE PAREDÓN",NULL,"2017-04-23 13:33:29","2017-04-23 13:33:29",NULL
CSSSA007185,"PUEBLO NUEVO",NULL,"2017-04-23 13:33:29","2017-04-23 13:33:29",NULL
CSSSA007202,"EL TERRERO",NULL,"2017-04-23 13:33:29","2017-04-23 13:33:29",NULL
CSSSA007214,"20 DE NOVIEMBRE",NULL,"2017-04-23 13:33:29","2017-04-23 13:33:29",NULL
CSSSA007226,"EJIDO MORELOS (ESTACIÓN MOJARRAS)",NULL,"2017-04-23 13:33:29","2017-04-23 13:33:29",NULL
CSSSA007231,"SAN LUQUEÑO (LA COSTA)",NULL,"2017-04-23 13:33:29","2017-04-23 13:33:29",NULL
CSSSA007243,"UNIÓN Y PROGRESO",NULL,"2017-04-23 13:33:29","2017-04-23 13:33:29",NULL
CSSSA007255,"NATALIO VAZQUEZ PALLARES",NULL,"2017-04-23 13:33:29","2017-04-23 13:33:29",NULL
CSSSA007260,TOTOLAPA,NULL,"2017-04-23 13:33:29","2017-04-23 13:33:29",NULL
CSSSA007284,"LA TRINITARIA",NULL,"2017-04-23 13:33:29","2017-04-23 13:33:29",NULL
CSSSA007296,"ÁLVARO OBREGÓN",NULL,"2017-04-23 13:33:29","2017-04-23 13:33:29",NULL
CSSSA007301,"EL CARMEN XHÁN",NULL,"2017-04-23 13:33:29","2017-04-23 13:33:29",NULL
CSSSA007313,"CRISTÓBAL COLÓN",NULL,"2017-04-23 13:33:29","2017-04-23 13:33:29",NULL
CSSSA007325,HIDALGO,NULL,"2017-04-23 13:33:29","2017-04-23 13:33:29",NULL
CSSSA007330,JUNCANÁ,NULL,"2017-04-23 13:33:29","2017-04-23 13:33:29",NULL
CSSSA007342,"EL PROGRESO",NULL,"2017-04-23 13:33:29","2017-04-23 13:33:29",NULL
CSSSA007354,"ROSARIO TIERRA BLANCA",NULL,"2017-04-23 13:33:29","2017-04-23 13:33:29",NULL
CSSSA007366,"SAN JUAN DEL VALLE",NULL,"2017-04-23 13:33:29","2017-04-23 13:33:29",NULL
CSSSA007371,TZISCAO,NULL,"2017-04-23 13:33:29","2017-04-23 13:33:29",NULL
CSSSA007383,"LA ANTELA",NULL,"2017-04-23 13:33:29","2017-04-23 13:33:29",NULL
CSSSA007395,"NUEVA VENECIA",NULL,"2017-04-23 13:33:29","2017-04-23 13:33:29",NULL
CSSSA007400,"LOMA BONITA",NULL,"2017-04-23 13:33:29","2017-04-23 13:33:29",NULL
CSSSA007412,"LA GLORIA",NULL,"2017-04-23 13:33:29","2017-04-23 13:33:29",NULL
CSSSA007424,"FLOR DE MAYO",NULL,"2017-04-23 13:33:29","2017-04-23 13:33:29",NULL
CSSSA007436,"NVO. VILLAFLORES",NULL,"2017-04-23 13:33:29","2017-04-23 13:33:29",NULL
CSSSA007453,"NUEVA LIBERTAD (EL COLORADO)",NULL,"2017-04-23 13:33:29","2017-04-23 13:33:29",NULL
CSSSA007465,CIENEGUITAS,NULL,"2017-04-23 13:33:29","2017-04-23 13:33:29",NULL
CSSSA007470,"NUEVO LLANO GRANDE",NULL,"2017-04-23 13:33:29","2017-04-23 13:33:29",NULL
CSSSA007494,TUMBALÁ,NULL,"2017-04-23 13:33:29","2017-04-23 13:33:29",NULL
CSSSA007506,"IGNACIO ALLENDE",NULL,"2017-04-23 13:33:29","2017-04-23 13:33:29",NULL
CSSSA007511,CACAHUATAL,NULL,"2017-04-23 13:33:29","2017-04-23 13:33:29",NULL
CSSSA007523,"EMILIANO ZAPATA",NULL,"2017-04-23 13:33:29","2017-04-23 13:33:29",NULL
CSSSA007535,"BENITO JUÁREZ",NULL,"2017-04-23 13:33:29","2017-04-23 13:33:29",NULL
CSSSA007540,"HOSPITAL REGIONAL DR. RAFAEL PASCASIO GAMBOA TUXTLA",00013,"2017-04-23 13:33:29","2017-04-23 13:33:29",NULL
CSSSA007552,"UMMA I POTINASPAK",NULL,"2017-04-23 13:33:29","2017-04-23 13:33:29",NULL
CSSSA007564,"LAS CASITAS",NULL,"2017-04-23 13:33:29","2017-04-23 13:33:29",NULL
CSSSA007576,"TUXTLA (COL. SANTA CRUZ)",NULL,"2017-04-23 13:33:29","2017-04-23 13:33:29",NULL
CSSSA007581,"BIENESTAR SOCIAL",NULL,"2017-04-23 13:33:29","2017-04-23 13:33:29",NULL
CSSSA007593,"PLAN DE AYALA",NULL,"2017-04-23 13:33:29","2017-04-23 13:33:29",NULL
CSSSA007605,"ALBANIA (EL VALLE)",NULL,"2017-04-23 13:33:29","2017-04-23 13:33:29",NULL
CSSSA007610,"PATRIA NUEVA",NULL,"2017-04-23 13:33:29","2017-04-23 13:33:29",NULL
CSSSA007622,TERAN,NULL,"2017-04-23 13:33:29","2017-04-23 13:33:29",NULL
CSSSA007634,"TUXTLA GUTIÉRREZ",NULL,"2017-04-23 13:33:29","2017-04-23 13:33:29",NULL
CSSSA007646,COPOYA,NULL,"2017-04-23 13:33:29","2017-04-23 13:33:29",NULL
CSSSA007651,"EL JOBO",NULL,"2017-04-23 13:33:29","2017-04-23 13:33:29",NULL
CSSSA007663,"TUXTLA CHICO",NULL,"2017-04-23 13:33:29","2017-04-23 13:33:29",NULL
CSSSA007675,"2A. SECCIÓN IZAPA",NULL,"2017-04-23 13:33:29","2017-04-23 13:33:29",NULL
CSSSA007680,"C.S. PRIMERA SECCIÓN DE MEDIO MONTE",NULL,"2017-04-23 13:33:29","2017-04-23 13:33:29",NULL
CSSSA007692,"2A. SECCIÓN MEDIO MONTE",NULL,"2017-04-23 13:33:29","2017-04-23 13:33:29",NULL
CSSSA007704,TALISMÁN,NULL,"2017-04-23 13:33:29","2017-04-23 13:33:29",NULL
CSSSA007716,"SECCIÓN LA TOMA",NULL,"2017-04-23 13:33:29","2017-04-23 13:33:29",NULL
CSSSA007721,"CANTÓN EL SACRIFICIO",NULL,"2017-04-23 13:33:29","2017-04-23 13:33:29",NULL
CSSSA007733,CHIPILÍN,NULL,"2017-04-23 13:33:29","2017-04-23 13:33:29",NULL
CSSSA007745,"C.S. ISLAMAPA",NULL,"2017-04-23 13:33:29","2017-04-23 13:33:29",NULL
CSSSA007750,"SEGUNDO CANTÓN",NULL,"2017-04-23 13:33:29","2017-04-23 13:33:29",NULL
CSSSA007762,"29 DE DICIEMBRE",NULL,"2017-04-23 13:33:29","2017-04-23 13:33:29",NULL
CSSSA007786,"FELIPE ÁNGELES",NULL,"2017-04-23 13:33:29","2017-04-23 13:33:29",NULL
CSSSA007791,OCHUSJOB,NULL,"2017-04-23 13:33:29","2017-04-23 13:33:29",NULL
CSSSA007815,"NUEVA LIBERTAD",NULL,"2017-04-23 13:33:29","2017-04-23 13:33:29",NULL
CSSSA007820,"UNIÓN JUÁREZ",NULL,"2017-04-23 13:33:29","2017-04-23 13:33:29",NULL
CSSSA007832,TRINIDAD,NULL,"2017-04-23 13:33:29","2017-04-23 13:33:29",NULL
CSSSA007844,"VENUSTIANO CARRANZA",NULL,"2017-04-23 13:33:29","2017-04-23 13:33:29",NULL
CSSSA007861,"GUADALUPE VICTORIA",NULL,"2017-04-23 13:33:29","2017-04-23 13:33:29",NULL
CSSSA007885,"MARIANO MATAMOROS",NULL,"2017-04-23 13:33:29","2017-04-23 13:33:29",NULL
CSSSA007890,"SAN FRANCISCO PUJILTIC",NULL,"2017-04-23 13:33:29","2017-04-23 13:33:29",NULL
CSSSA007902,"LAJA TENDIDA",NULL,"2017-04-23 13:33:29","2017-04-23 13:33:29",NULL
CSSSA007914,"PARAÍSO DEL GRIJALVA",NULL,"2017-04-23 13:33:29","2017-04-23 13:33:29",NULL
CSSSA007926,"SAN ANTONIO LA SIDRA (31 DE DICIEMBRE)",NULL,"2017-04-23 13:33:29","2017-04-23 13:33:29",NULL
CSSSA007931,VILLACORZO,NULL,"2017-04-23 13:33:29","2017-04-23 13:33:29",NULL
CSSSA007943,"SN. PEDRO BUENAVISTA",NULL,"2017-04-23 13:33:29","2017-04-23 13:33:29",NULL
CSSSA007955,"LA LIBERTAD",NULL,"2017-04-23 13:33:29","2017-04-23 13:33:29",NULL
CSSSA007960,"EL PARRAL",NULL,"2017-04-23 13:33:29","2017-04-23 13:33:29",NULL
CSSSA007972,"SAN JULIÁN",NULL,"2017-04-23 13:33:29","2017-04-23 13:33:29",NULL
CSSSA007984,"LOMA BONITA",NULL,"2017-04-23 13:33:29","2017-04-23 13:33:29",NULL
CSSSA007996,"OCOTAL LAS MARAVILLAS",NULL,"2017-04-23 13:33:29","2017-04-23 13:33:29",NULL
CSSSA008001,"LOS AMATES",NULL,"2017-04-23 13:33:29","2017-04-23 13:33:29",NULL
CSSSA008013,"TIERRA SANTA",NULL,"2017-04-23 13:33:29","2017-04-23 13:33:29",NULL
CSSSA008025,"24 DE FEBRERO",NULL,"2017-04-23 13:33:29","2017-04-23 13:33:29",NULL
CSSSA008030,"FRANCISCO I. MADERO",NULL,"2017-04-23 13:33:29","2017-04-23 13:33:29",NULL
CSSSA008042,"COL. LA FRAYLESCA",NULL,"2017-04-23 13:33:29","2017-04-23 13:33:29",NULL
CSSSA008066,"DR. BELISARIO DOMÍNGUEZ",NULL,"2017-04-23 13:33:29","2017-04-23 13:33:29",NULL
CSSSA008071,"RIBERA BUENAVISTA",NULL,"2017-04-23 13:33:29","2017-04-23 13:33:29",NULL
CSSSA008083,"24 DE DICIEMBRE",NULL,"2017-04-23 13:33:29","2017-04-23 13:33:29",NULL
CSSSA008095,"AGUA DULCE II",NULL,"2017-04-23 13:33:29","2017-04-23 13:33:29",NULL
CSSSA008100,"UNIÓN DEL CARMEN",NULL,"2017-04-23 13:33:29","2017-04-23 13:33:29",NULL
CSSSA008112,"OFICINA JURISDICCIONAL (VILLAFLORES)",NULL,"2017-04-23 13:33:29","2017-04-23 13:33:29",NULL
CSSSA008124,VILLAFLORES,NULL,"2017-04-23 13:33:29","2017-04-23 13:33:29",NULL
CSSSA008136,"CALZADA LARGA",NULL,"2017-04-23 13:33:29","2017-04-23 13:33:29",NULL
CSSSA008141,"CRISTÓBAL OBREGÓN",NULL,"2017-04-23 13:33:29","2017-04-23 13:33:29",NULL
CSSSA008153,"DR. DOMINGO CHANONA",NULL,"2017-04-23 13:33:29","2017-04-23 13:33:29",NULL
CSSSA008165,"JESÚS MA. GARZA",NULL,"2017-04-23 13:33:29","2017-04-23 13:33:29",NULL
CSSSA008170,"MIGUEL HIDALGO",NULL,"2017-04-23 13:33:29","2017-04-23 13:33:29",NULL
CSSSA008182,"HORACIO GRAJALES",NULL,"2017-04-23 13:33:29","2017-04-23 13:33:29",NULL
CSSSA008194,"RIBERA HORIZONTE",NULL,"2017-04-23 13:33:29","2017-04-23 13:33:29",NULL
CSSSA008206,"ROBLADA GRANDE",NULL,"2017-04-23 13:33:29","2017-04-23 13:33:29",NULL
CSSSA008211,"TIERRA Y LIBERTAD",NULL,"2017-04-23 13:33:29","2017-04-23 13:33:29",NULL
CSSSA008223,"TRES PICOS",NULL,"2017-04-23 13:33:29","2017-04-23 13:33:29",NULL
CSSSA008235,"EL SABINO",NULL,"2017-04-23 13:33:29","2017-04-23 13:33:29",NULL
CSSSA008240,"SOMBRA DE LA SELVA",NULL,"2017-04-23 13:33:29","2017-04-23 13:33:29",NULL
CSSSA008252,"EL PORTILLO",NULL,"2017-04-23 13:33:29","2017-04-23 13:33:29",NULL
CSSSA008264,"HOSPITAL GENERAL YAJALÓN",000139,"2017-04-23 13:33:29","2017-04-23 13:33:29",NULL
CSSSA008276,YAJALÓN,NULL,"2017-04-23 13:33:29","2017-04-23 13:33:29",NULL
CSSSA008310,"LA LAGUNA",NULL,"2017-04-23 13:33:29","2017-04-23 13:33:29",NULL
CSSSA008375,CHIQUINIVALVO,NULL,"2017-04-23 13:33:29","2017-04-23 13:33:29",NULL
CSSSA008380,NACHING,NULL,"2017-04-23 13:33:29","2017-04-23 13:33:29",NULL
CSSSA008392,NAVENCHAUC,NULL,"2017-04-23 13:33:29","2017-04-23 13:33:29",NULL
CSSSA008421,CHACTOJ,NULL,"2017-04-23 13:33:29","2017-04-23 13:33:29",NULL
CSSSA008433,CHILOLJÁ,NULL,"2017-04-23 13:33:29","2017-04-23 13:33:29",NULL
CSSSA008445,CHACTÉ,NULL,"2017-04-23 13:33:29","2017-04-23 13:33:29",NULL
CSSSA008450,ONILTIC,NULL,"2017-04-23 13:33:29","2017-04-23 13:33:29",NULL
CSSSA008491,"ARROYO DELICIAS",NULL,"2017-04-23 13:33:29","2017-04-23 13:33:29",NULL
CSSSA008503,"NUEVO VERACRUZ",NULL,"2017-04-23 13:33:29","2017-04-23 13:33:29",NULL
CSSSA008515,QUETZALCÓALT,NULL,"2017-04-23 13:33:29","2017-04-23 13:33:29",NULL
CSSSA008520,"GUADALUPE MIRAMAR",NULL,"2017-04-23 13:33:29","2017-04-23 13:33:29",NULL
CSSSA008532,"SANTA MARGARITA AGUA AZUL",NULL,"2017-04-23 13:33:29","2017-04-23 13:33:29",NULL
CSSSA008556,"SAN MATEO ZAPOTAL",NULL,"2017-04-23 13:33:29","2017-04-23 13:33:29",NULL
CSSSA008590,"BOCA DE CHAJUL",NULL,"2017-04-23 13:33:29","2017-04-23 13:33:29",NULL
CSSSA008614,QUIRINGUICHARO,NULL,"2017-04-23 13:33:29","2017-04-23 13:33:29",NULL
CSSSA008631,"LAGUNA DEL COFRE",NULL,"2017-04-23 13:33:29","2017-04-23 13:33:29",NULL
CSSSA008643,"LA LUCHA",NULL,"2017-04-23 13:33:29","2017-04-23 13:33:29",NULL
CSSSA008655,"SAN NICOLÁS PLAN DE AYUTLA",NULL,"2017-04-23 13:33:29","2017-04-23 13:33:29",NULL
CSSSA008672,"PEDREGAL SAN ÁNGEL",NULL,"2017-04-23 13:33:29","2017-04-23 13:33:29",NULL
CSSSA008684,CAHUARE,NULL,"2017-04-23 13:33:29","2017-04-23 13:33:29",NULL
CSSSA008696,"EMILIANO ZAPATA",NULL,"2017-04-23 13:33:29","2017-04-23 13:33:29",NULL
CSSSA008701,BASHEQUÉM,NULL,"2017-04-23 13:33:29","2017-04-23 13:33:29",NULL
CSSSA008713,CHAONIL,NULL,"2017-04-23 13:33:29","2017-04-23 13:33:29",NULL
CSSSA008725,LELENCHIG,NULL,"2017-04-23 13:33:29","2017-04-23 13:33:29",NULL
CSSSA008754,"SANTA RITA",NULL,"2017-04-23 13:33:29","2017-04-23 13:33:29",NULL
CSSSA008771,"MONTEBELLO ALTAMIRA",NULL,"2017-04-23 13:33:29","2017-04-23 13:33:29",NULL
CSSSA008824,TIEMOPA,NULL,"2017-04-23 13:33:29","2017-04-23 13:33:29",NULL
CSSSA008841,ISRAEL,NULL,"2017-04-23 13:33:29","2017-04-23 13:33:29",NULL
CSSSA008853,"SAN JOSÉ LA SOLEDAD",NULL,"2017-04-23 13:33:29","2017-04-23 13:33:29",NULL
CSSSA008870,"SAN QUINTÍN",NULL,"2017-04-23 13:33:29","2017-04-23 13:33:29",NULL
CSSSA008882,"HOSPITAL REGIONAL DE ALTA ESPECIALIDAD CIUDAD SALUD",NULL,"2017-04-23 13:33:29","2017-04-23 13:33:29",NULL
CSSSA008894,"HOSPITAL DE ESPECIALIDADES PEDIÁTRICAS",NULL,"2017-04-23 13:33:29","2017-04-23 13:33:29",NULL
CSSSA008923,TZUBET,NULL,"2017-04-23 13:33:29","2017-04-23 13:33:29",NULL
CSSSA008935,"CORAZÓN DE MARÍA",NULL,"2017-04-23 13:33:29","2017-04-23 13:33:29",NULL
CSSSA008952,TZAJALCHÉM,NULL,"2017-04-23 13:33:29","2017-04-23 13:33:29",NULL
CSSSA008964,"JARDÍN DEL NUEVO EDÉN",NULL,"2017-04-23 13:33:29","2017-04-23 13:33:29",NULL
CSSSA008976,GALILEA,NULL,"2017-04-23 13:33:29","2017-04-23 13:33:29",NULL
CSSSA008981,"EMILIANO ZAPATA",NULL,"2017-04-23 13:33:29","2017-04-23 13:33:29",NULL
CSSSA008993,"ESPINAL BUENAVISTA",NULL,"2017-04-23 13:33:29","2017-04-23 13:33:29",NULL
CSSSA009005,"EMILIANO ZAPATA",NULL,"2017-04-23 13:33:29","2017-04-23 13:33:29",NULL
CSSSA009010,MONTERREY,NULL,"2017-04-23 13:33:29","2017-04-23 13:33:29",NULL
CSSSA009022,"LA PAZ DE SABINES",NULL,"2017-04-23 13:33:29","2017-04-23 13:33:29",NULL
CSSSA009034,"MELCHOR OCAMPO",NULL,"2017-04-23 13:33:29","2017-04-23 13:33:29",NULL
CSSSA009046,"MANUEL ÁVILA CAMACHO",NULL,"2017-04-23 13:33:29","2017-04-23 13:33:29",NULL
CSSSA009051,TS'AKIBILJOK,NULL,"2017-04-23 13:33:29","2017-04-23 13:33:29",NULL
CSSSA009063,CALLEJÓN,NULL,"2017-04-23 13:33:29","2017-04-23 13:33:29",NULL
CSSSA009075,"EL ROSARIO",NULL,"2017-04-23 13:33:29","2017-04-23 13:33:29",NULL
CSSSA009080,"NUEVA PALESTINA",NULL,"2017-04-23 13:33:29","2017-04-23 13:33:29",NULL
CSSSA009092,"FRANCISCO SARABIA",NULL,"2017-04-23 13:33:29","2017-04-23 13:33:29",NULL
CSSSA009104,"UNIÓN AGRARISTA",NULL,"2017-04-23 13:33:29","2017-04-23 13:33:29",NULL
CSSSA009121,CHIAPILLA,NULL,"2017-04-23 13:33:29","2017-04-23 13:33:29",NULL
CSSSA009133,"AQUILES SERDÁN",NULL,"2017-04-23 13:33:29","2017-04-23 13:33:29",NULL
CSSSA009145,"IGNACIO ZARAGOZA",NULL,"2017-04-23 13:33:29","2017-04-23 13:33:29",NULL
CSSSA009150,"VICENTE GUERRERO",NULL,"2017-04-23 13:33:29","2017-04-23 13:33:29",NULL
CSSSA009162,"UNIDAD DE ATENCIÓN A LA SALUD MENTAL SAN AGUSTÍN",000135,"2017-04-23 13:33:29","2017-04-23 13:33:29",NULL
CSSSA012225,"CARAVANA TIPO 0 CONOILJA",NULL,"2017-04-23 13:33:29","2017-04-23 13:33:29",NULL
CSSSA012230,"CARAVANA TIPO 0 SAN JUAN BAUTISTA",NULL,"2017-04-23 13:33:29","2017-04-23 13:33:29",NULL
CSSSA012242,"CARAVANA TIPO 0 PACANAM",NULL,"2017-04-23 13:33:29","2017-04-23 13:33:29",NULL
CSSSA012254,"CARAVANA TIPO 0 SAN ANTONIO DE LOS MONTES",NULL,"2017-04-23 13:33:29","2017-04-23 13:33:29",NULL
CSSSA012266,"CARAVANA TIPO 0 SANTA ANA LAS FLORES",NULL,"2017-04-23 13:33:29","2017-04-23 13:33:29",NULL
CSSSA012271,"CARAVANA TIPO 0 CALVARIO LAS DELICIAS",NULL,"2017-04-23 13:33:29","2017-04-23 13:33:29",NULL
CSSSA012283,"CARAVANA TIPO 0 SAN MIGUEL CHIPTIC",NULL,"2017-04-23 13:33:29","2017-04-23 13:33:29",NULL
CSSSA012295,"CARAVANA TIPO 0  MORELIA (VICTORICO RODULFO GRAJALES)",NULL,"2017-04-23 13:33:29","2017-04-23 13:33:29",NULL
CSSSA012300,"CARAVANA TIPO 0 NUEVO SUSHILA",NULL,"2017-04-23 13:33:29","2017-04-23 13:33:29",NULL
CSSSA012312,"CARAVANA TIPO 0 SHASHIJA",NULL,"2017-04-23 13:33:29","2017-04-23 13:33:29",NULL
CSSSA012324,"CARAVANA TIPO 0 CALVARIO BAHUITZ",NULL,"2017-04-23 13:33:29","2017-04-23 13:33:29",NULL
CSSSA012336,"CARAVANA TIPO 0 SOMBRA GRANDE",NULL,"2017-04-23 13:33:29","2017-04-23 13:33:29",NULL
CSSSA012341,"CARAVANA TIPO 0 TULAQUIL",NULL,"2017-04-23 13:33:29","2017-04-23 13:33:29",NULL
CSSSA012353,"CARAVANA TIPO 0 JOCHOMPAT CARMEN GRANDE",NULL,"2017-04-23 13:33:29","2017-04-23 13:33:29",NULL
CSSSA012365,"CARAVANA TIPO 0 ENRIQUE RODRIGUEZ CANO",NULL,"2017-04-23 13:33:29","2017-04-23 13:33:29",NULL
CSSSA012370,"CARAVANA TIPO 0 LA AURORA",NULL,"2017-04-23 13:33:29","2017-04-23 13:33:29",NULL
CSSSA012382,"CARAVANA TIPO 0 EL ZAPOTAL",NULL,"2017-04-23 13:33:29","2017-04-23 13:33:29",NULL
CSSSA012394,"CARAVANA TIPO 0 EL CENSO",NULL,"2017-04-23 13:33:29","2017-04-23 13:33:29",NULL
CSSSA012406,"CARAVANA TIPO 0 NUEVO MARISCAL",NULL,"2017-04-23 13:33:29","2017-04-23 13:33:29",NULL
CSSSA012411,"CARAVANA TIPO 0 LA SULTANA",NULL,"2017-04-23 13:33:29","2017-04-23 13:33:29",NULL
CSSSA012423,"CARAVANA TIPO 0 MACEDONIA",NULL,"2017-04-23 13:33:29","2017-04-23 13:33:29",NULL
CSSSA012435,"CARAVANA TIPO 0 SAN ANTONIO",NULL,"2017-04-23 13:33:29","2017-04-23 13:33:29",NULL
CSSSA012440,"CARAVANA TIPO 0 CINCO DE FEBRERO",NULL,"2017-04-23 13:33:29","2017-04-23 13:33:29",NULL
CSSSA012452,"CARAVANA TIPO 0 SANTA LUCIA",NULL,"2017-04-23 13:33:29","2017-04-23 13:33:29",NULL
CSSSA012464,"CARAVANA TIPO 0 LA CUEVA",NULL,"2017-04-23 13:33:29","2017-04-23 13:33:29",NULL
CSSSA012476,"CARAVANA TIPO 0 NUEVO TUXTLA",NULL,"2017-04-23 13:33:29","2017-04-23 13:33:29",NULL
CSSSA012481,"CARAVANA TIPO 0 EL LACANDON",NULL,"2017-04-23 13:33:29","2017-04-23 13:33:29",NULL
CSSSA012493,"CARAVANA TIPO 0 EL EDEN",NULL,"2017-04-23 13:33:29","2017-04-23 13:33:29",NULL
CSSSA012505,"CARAVANA TIPO 0 LICENCIADO GUSTAVO DIAZ ORDAZ",NULL,"2017-04-23 13:33:29","2017-04-23 13:33:29",NULL
CSSSA012510,"CARAVANA TIPO 0 LINDAVISTA (CHINIQUIJA)",NULL,"2017-04-23 13:33:29","2017-04-23 13:33:29",NULL
CSSSA012522,"CARAVANA TIPO 0 RICARDO FLORES MAGON",NULL,"2017-04-23 13:33:29","2017-04-23 13:33:29",NULL
CSSSA012534,"CARAVANA TIPO 0 NUEVA LIBERTAD",NULL,"2017-04-23 13:33:29","2017-04-23 13:33:29",NULL
CSSSA012546,"CARAVANA TIPO 0 LAZARO CARDENAS DEL RIO",NULL,"2017-04-23 13:33:29","2017-04-23 13:33:29",NULL
CSSSA012551,"CARAVANA TIPO 0  ASUNCION HUITIUPAN",NULL,"2017-04-23 13:33:29","2017-04-23 13:33:29",NULL
CSSSA012563,"CARAVANA TIPO 0 TORTUGUERO 2A. SECCION",NULL,"2017-04-23 13:33:29","2017-04-23 13:33:29",NULL
CSSSA012575,"CARAVANA TIPO 0 JOSE MARIA PINO SUAREZ",NULL,"2017-04-23 13:33:29","2017-04-23 13:33:29",NULL
CSSSA012580,"CARAVANA TIPO 0 JOSE CASTILLO TIELEMANS",NULL,"2017-04-23 13:33:29","2017-04-23 13:33:29",NULL
CSSSA012592,"CARAVANA TIPO 0 PLAN CHANJALE",NULL,"2017-04-23 13:33:29","2017-04-23 13:33:29",NULL
CSSSA012604,"CARAVANA DE SALUD 0 TOQUIAN CHIQUITO",NULL,"2017-04-23 13:33:29","2017-04-23 13:33:29",NULL
CSSSA012616,"CARAVANA TIPO 0 CERRO MISOPA",NULL,"2017-04-23 13:33:29","2017-04-23 13:33:29",NULL
CSSSA012621,"CARAVANA TIPO 0 ARROYO CARRIZAL",NULL,"2017-04-23 13:33:29","2017-04-23 13:33:29",NULL
CSSSA012633,"CARAVANA TIPO 0 PUYIPA",NULL,"2017-04-23 13:33:29","2017-04-23 13:33:29",NULL
CSSSA012645,"CARAVANA TIPO 0 EL OCOTAL",NULL,"2017-04-23 13:33:29","2017-04-23 13:33:29",NULL
CSSSA012650,"CARAVANA TIPO 0 SANTA CANDELARIA",NULL,"2017-04-23 13:33:29","2017-04-23 13:33:29",NULL
CSSSA012662,"CARAVANA TIPO 0  CHAPAYAL",NULL,"2017-04-23 13:33:29","2017-04-23 13:33:29",NULL
CSSSA012674,"CARAVANA TIPO 0 LA ARENA",NULL,"2017-04-23 13:33:29","2017-04-23 13:33:29",NULL
CSSSA012686,"CARAVANA TIPO 0 ESPERANZA SÉTZER",NULL,"2017-04-23 13:33:29","2017-04-23 13:33:29",NULL
CSSSA012694,"CENTRO DE SALUD MICROREGIONAL CRISTOBAL COLON",NULL,"2017-04-23 13:33:29","2017-04-23 13:33:29",NULL
CSSSA012703,COAPILLA,NULL,"2017-04-23 13:33:29","2017-04-23 13:33:29",NULL
CSSSA012712,"CENTRO DE SALUD MICROREGIONAL PONCIANO ARRIAGA",NULL,"2017-04-23 13:33:29","2017-04-23 13:33:29",NULL
CSSSA012721,"CARAVANA TIPO 0 LA VICTORIA",NULL,"2017-04-23 13:33:29","2017-04-23 13:33:29",NULL
CSSSA012730,"CARAVANA TIPO 0 APAS",NULL,"2017-04-23 13:33:29","2017-04-23 13:33:29",NULL
CSSSA012745,"CARAVANA TIPO 0 RÍO COROZAL",NULL,"2017-04-23 13:33:29","2017-04-23 13:33:29",NULL
CSSSA012754,"CARAVANA DE SALUD IGNACIO ALLENDE",NULL,"2017-04-23 13:33:29","2017-04-23 13:33:29",NULL
CSSSA012763,"CARAVANA TIPO 0 PLAN PAREDÓN",NULL,"2017-04-23 13:33:29","2017-04-23 13:33:29",NULL
CSSSA012772,"CARAVANA TIPO 0 YUQUÍN",NULL,"2017-04-23 13:33:29","2017-04-23 13:33:29",NULL
CSSSA012781,"CARAVANA TIPO 0 SAN MIGUEL",NULL,"2017-04-23 13:33:29","2017-04-23 13:33:29",NULL
CSSSA012790,"CARAVANA TIPO 0 LAS LIMAS",NULL,"2017-04-23 13:33:29","2017-04-23 13:33:29",NULL
CSSSA012805,"CARAVANA TIPO 0 VILLAFLORES",NULL,"2017-04-23 13:33:29","2017-04-23 13:33:29",NULL
CSSSA012814,"CARAVANA TIPO 0 JOLNOPA GUADALUPE",NULL,"2017-04-23 13:33:29","2017-04-23 13:33:29",NULL
CSSSA012823,"CARAVANA TIPO 0 ESPERANZA TAKINUKUM",NULL,"2017-04-23 13:33:29","2017-04-23 13:33:29",NULL
CSSSA012832,"CARAVANA TIPO 0 LA CONCORDIA",NULL,"2017-04-23 13:33:29","2017-04-23 13:33:29",NULL
CSSSA012841,"CARAVANA TIPO 0 SAN JUAN CHANCALAITO",NULL,"2017-04-23 13:33:29","2017-04-23 13:33:29",NULL
CSSSA012850,"CARAVANA TIPO 0 EL PRADO",NULL,"2017-04-23 13:33:29","2017-04-23 13:33:29",NULL
CSSSA012865,"CENTRO JURISDICCIONAL DE VACUNOLOGÍA Y CAPACITACIÓN PARA LA SALUD DEL NIÑO",NULL,"2017-04-23 13:33:29","2017-04-23 13:33:29",NULL
CSSSA012874,"U. M. M. NAILCHÉN",NULL,"2017-04-23 13:33:29","2017-04-23 13:33:29",NULL
CSSSA012883,"U. M. M. SAN ISIDRO CHICHIUISTAN",NULL,"2017-04-23 13:33:29","2017-04-23 13:33:29",NULL
CSSSA012892,"U. M. M. LA LIBERTAD",NULL,"2017-04-23 13:33:29","2017-04-23 13:33:29",NULL
CSSSA012901,"U. M. M. LA MERCED",NULL,"2017-04-23 13:33:29","2017-04-23 13:33:29",NULL
CSSSA012910,"U. M. M. TZACUCUM",NULL,"2017-04-23 13:33:29","2017-04-23 13:33:29",NULL
CSSSA012925,"U. M. M. ICHINTÓN",NULL,"2017-04-23 13:33:29","2017-04-23 13:33:29",NULL
CSSSA012934,"U. M. M. JUAN DIEGO X'OYEP",NULL,"2017-04-23 13:33:29","2017-04-23 13:33:29",NULL
CSSSA012943,"U. M. M. PACVILNA",NULL,"2017-04-23 13:33:29","2017-04-23 13:33:29",NULL
CSSSA012952,"U. M. M. CRUZTÓN",NULL,"2017-04-23 13:33:29","2017-04-23 13:33:29",NULL
CSSSA012961,"U. M. M. SAN MATEO",NULL,"2017-04-23 13:33:29","2017-04-23 13:33:29",NULL
CSSSA012970,"CENTRO DE SALUD POTRERILLO",NULL,"2017-04-23 13:33:29","2017-04-23 13:33:29",NULL
CSSSA012985,"CENTRO DE SALUD VILLA HERMOSA",NULL,"2017-04-23 13:33:29","2017-04-23 13:33:29",NULL
CSSSA012994,"CENTRO DE SALUD SAN CRISTOBAL DE LAS CASAS",NULL,"2017-04-23 13:33:29","2017-04-23 13:33:29",NULL
CSSSA013003,"UNIDAD MEDICA MÓVIL 302 REFORMA AGRARIA 1",NULL,"2017-04-23 13:33:29","2017-04-23 13:33:29",NULL
CSSSA013012,"UNIDAD MEDICA MOVIL 312 TIERRA BLANCA",NULL,"2017-04-23 13:33:29","2017-04-23 13:33:29",NULL
CSSSA013021,"UNIDAD MEDICA MOVIL 311 SAN ANTONIO LOS ALTOS",NULL,"2017-04-23 13:33:29","2017-04-23 13:33:29",NULL
CSSSA013030,"UNIDAD MEDICA MOVIL 303 RAFAEL RAMIREZ",NULL,"2017-04-23 13:33:29","2017-04-23 13:33:29",NULL
CSSSA013045,"UNIDAD MEDICA MOVIL 316 NUEVO MATZAM",NULL,"2017-04-23 13:33:29","2017-04-23 13:33:29",NULL
CSSSA013054,"UNIDAD MEDICA MOVIL 306 20 DE NOVIEMBRE",NULL,"2017-04-23 13:33:29","2017-04-23 13:33:29",NULL
CSSSA013063,"UNIDAD MEDICA MOVIL 307 SAMUEL LEON BRINDIS",NULL,"2017-04-23 13:33:29","2017-04-23 13:33:29",NULL
CSSSA013072,"COMISIÓN ESTATAL DE CONCILIACIÓN Y ARBITRAJE MÉDICO DEL ESTADO DE CHIAPAS(Delegacion Regional Palenque)",NULL,"2017-04-23 13:33:29","2017-04-23 13:33:29",NULL
CSSSA013081,"COMISIÓN ESTATAL DE CONCILIACIÓN Y ARBITRAJE MÉDICO DEL ESTADO DE CHIAPAS (Delegación Regional Tapachula)",NULL,"2017-04-23 13:33:29","2017-04-23 13:33:29",NULL
CSSSA013090,"COMISIÓN ESTATAL DE CONCILIACIÓN Y ARBITRAJE MÉDICO DEL ESTADO DE CHIAPAS",NULL,"2017-04-23 13:33:29","2017-04-23 13:33:29",NULL
CSSSA013105,"CENTRO DE SALUD RURAL RANCHERIA EL CONGRESO",NULL,"2017-04-23 13:33:29","2017-04-23 13:33:29",NULL
CSSSA017166,"DR. SAMUEL LEÓN BRINDIS",NULL,"2017-04-23 13:33:29","2017-04-23 13:33:29",NULL
CSSSA017171,"MIGUEL ALEMÁN",NULL,"2017-04-23 13:33:29","2017-04-23 13:33:29",NULL
CSSSA017183,"VICENTE GUERRERO",NULL,"2017-04-23 13:33:29","2017-04-23 13:33:29",NULL
CSSSA017196,"LABORATORIO ESTATAL DE SALUD PÚBLICA",NULL,"2017-04-23 13:33:29","2017-04-23 13:33:29",NULL
CSSSA017213,"OFICINA ADMINISTRATIVA ESTATAL",000143,"2017-04-23 13:33:29","2017-04-23 13:33:29",NULL
CSSSA017225,"OFICINA JURISDICCIONAL (TUXTLA GUTIÉRREZ)",NULL,"2017-04-23 13:33:29","2017-04-23 13:33:29",NULL
CSSSA017230,"OFICINA JURISDICCIONAL (SAN CRISTÓBAL DE LAS CASAS)",NULL,"2017-04-23 13:33:29","2017-04-23 13:33:29",NULL
CSSSA017242,"OFICINA JURISDICCIONAL (COMITÁN)",NULL,"2017-04-23 13:33:29","2017-04-23 13:33:29",NULL
CSSSA017266,"OFICINA JURISDICCIONAL (PICHUCALCO)",NULL,"2017-04-23 13:33:29","2017-04-23 13:33:29",NULL
CSSSA017271,"OFICINA JURISDICCIONAL (PALENQUE)",NULL,"2017-04-23 13:33:29","2017-04-23 13:33:29",NULL
CSSSA017283,"OFICINA JURISDICCIONAL (TAPACHULA)",NULL,"2017-04-23 13:33:29","2017-04-23 13:33:29",NULL
CSSSA017295,"OFICINA JURISDICCIONAL (TONALÁ)",NULL,"2017-04-23 13:33:29","2017-04-23 13:33:29",NULL
CSSSA017300,"OFICINA JURISDICCIONAL (OCOSINGO)",NULL,"2017-04-23 13:33:29","2017-04-23 13:33:29",NULL
CSSSA017312,"OFICINA JURISDICCIONAL (MOTOZINTLA)",NULL,"2017-04-23 13:33:29","2017-04-23 13:33:29",NULL
CSSSA017324,"ALMACÉN ESTATAL (TUXTLA GUTIÉRREZ)",NULL,"2017-04-23 13:33:29","2017-04-23 13:33:29",NULL
CSSSA017336,"ALMACÉN JURISDICCIONAL (TUXTLA GUTIÉRREZ)",000118,"2017-04-23 13:33:29","2017-04-23 13:33:29",NULL
CSSSA017341,"ALMACÉN JURISDICCIONAL (SAN CRISTÓBAL DE LAS CASAS)",000120,"2017-04-23 13:33:29","2017-04-23 13:33:29",NULL
CSSSA017353,"ALMACÉN JURISDICCIONAL (COMITÁN)",000124,"2017-04-23 13:33:29","2017-04-23 13:33:29",NULL
CSSSA017365,"ALMACÉN JURISDICCIONAL (VILLAFLORES)",000125,"2017-04-23 13:33:29","2017-04-23 13:33:29",NULL
CSSSA017370,"ALMACÉN JURISDICCIONAL (PICHUCALCO)",000126,"2017-04-23 13:33:29","2017-04-23 13:33:29",NULL
CSSSA017382,"ALMACÉN JURISDICCIONAL (PALENQUE)",00017,"2017-04-23 13:33:29","2017-04-23 13:33:29",NULL
CSSSA017394,"ALMACÉN JURISDICCIONAL (TAPACHULA)",000121,"2017-04-23 13:33:29","2017-04-23 13:33:29",NULL
CSSSA017406,"ALMACÉN JURISDICCIONAL (TONALÁ)",000119,"2017-04-23 13:33:29","2017-04-23 13:33:29",NULL
CSSSA017411,"ALMACÉN JURISDICCIONAL (OCOSINGO)",000122,"2017-04-23 13:33:29","2017-04-23 13:33:29",NULL
CSSSA017423,"SAN RAFAEL",NULL,"2017-04-23 13:33:29","2017-04-23 13:33:29",NULL
CSSSA017435,"SAN VICENTE",NULL,"2017-04-23 13:33:29","2017-04-23 13:33:29",NULL
CSSSA017446,"AMADOR HERNÁNDEZ",NULL,"2017-04-23 13:33:29","2017-04-23 13:33:29",NULL
CSSSA017451,CANDELARIA,NULL,"2017-04-23 13:33:29","2017-04-23 13:33:29",NULL
CSSSA017463,"EL JARDÍN",NULL,"2017-04-23 13:33:29","2017-04-23 13:33:29",NULL
CSSSA017480,RAMOSIL,NULL,"2017-04-23 13:33:29","2017-04-23 13:33:29",NULL
CSSSA017492,"COORDINACIÓN ESTATAL DE VIH/SIDA/ITS (CAPASITS)",NULL,"2017-04-23 13:33:29","2017-04-23 13:33:29",NULL
CSSSA017504,"H. B. C. DEL PORVENIR",000132,"2017-04-23 13:33:29","2017-04-23 13:33:29",NULL
CSSSA017516,"H. B. C. DE REVOLUCIÓN MEXICANA",000134,"2017-04-23 13:33:29","2017-04-23 13:33:29",NULL
CSSSA017521,"H. B. C.  DE TAPILULA",000142,"2017-04-23 13:33:29","2017-04-23 13:33:29",NULL
CSSSA017550,"SAN JUAN EL AGUAJE",NULL,"2017-04-23 13:33:29","2017-04-23 13:33:29",NULL
CSSSA017562,"RÍO NEGRO",NULL,"2017-04-23 13:33:29","2017-04-23 13:33:29",NULL
CSSSA017574,"SAN MIGUEL 1A. SECCIÓN",NULL,"2017-04-23 13:33:29","2017-04-23 13:33:29",NULL
CSSSA017586,"LA CEIBA",NULL,"2017-04-23 13:33:29","2017-04-23 13:33:29",NULL
CSSSA017591,"RAFAEL PASCACIO GAMBOA",NULL,"2017-04-23 13:33:29","2017-04-23 13:33:29",NULL
CSSSA017603,"LAS FLORES",NULL,"2017-04-23 13:33:29","2017-04-23 13:33:29",NULL
CSSSA017615,"MONTE REDONDO",NULL,"2017-04-23 13:33:29","2017-04-23 13:33:29",NULL
CSSSA017620,"EL MANGUITO",NULL,"2017-04-23 13:33:29","2017-04-23 13:33:29",NULL
CSSSA017632,"SANTA MARÍA",NULL,"2017-04-23 13:33:29","2017-04-23 13:33:29",NULL
CSSSA017661,"SAN JUAN TULIJA (SAN JUAN)",NULL,"2017-04-23 13:33:29","2017-04-23 13:33:29",NULL
CSSSA017673,ARIMATEA,NULL,"2017-04-23 13:33:29","2017-04-23 13:33:29",NULL
CSSSA017685,"NUEVA REFORMA",NULL,"2017-04-23 13:33:29","2017-04-23 13:33:29",NULL
CSSSA017690,SOYALÓ,NULL,"2017-04-23 13:33:29","2017-04-23 13:33:29",NULL
CSSSA017702,"NUEVO HUIXTÁN",NULL,"2017-04-23 13:33:29","2017-04-23 13:33:29",NULL
CSSSA017714,"NUEVO ARGENTINA",NULL,"2017-04-23 13:33:29","2017-04-23 13:33:29",NULL
CSSSA017726,"H. B. C. DE LARRAINZAR",000130,"2017-04-23 13:33:29","2017-04-23 13:33:29",NULL
CSSSA017731,"H. B. C. DE SANTO DOMINGO",000128,"2017-04-23 13:33:29","2017-04-23 13:33:29",NULL
CSSSA017743,"CENTRO DE SALUD MICROREGIONAL BALUNACO",NULL,"2017-04-23 13:33:29","2017-04-23 13:33:29",NULL
CSSSA017755,NATILTÓN,NULL,"2017-04-23 13:33:29","2017-04-23 13:33:29",NULL
CSSSA017760,MAJUMPEPEN,NULL,"2017-04-23 13:33:29","2017-04-23 13:33:29",NULL
CSSSA017772,TZAJALCHÉN,NULL,"2017-04-23 13:33:29","2017-04-23 13:33:29",NULL
CSSSA017784,"SAN JUAN CANCUC",NULL,"2017-04-23 13:33:29","2017-04-23 13:33:29",NULL
CSSSA017801,ZINACANTÁN,NULL,"2017-04-23 13:33:29","2017-04-23 13:33:29",NULL
CSSSA017813,"CARAVANA TIPO 3 TZAJALÁ",NULL,"2017-04-23 13:33:29","2017-04-23 13:33:29",NULL
CSSSA017825,"CARAVANA TIPO 2 EL TRIUNFO",NULL,"2017-04-23 13:33:29","2017-04-23 13:33:29",NULL
CSSSA017830,"CARAVANA TIPO 2 DOS RIOS",NULL,"2017-04-23 13:33:29","2017-04-23 13:33:29",NULL
CSSSA017842,"CARAVANA TIPO 1 CHEWAL MUQUENAL",NULL,"2017-04-23 13:33:29","2017-04-23 13:33:29",NULL
CSSSA017854,"CARAVANA TIPO 1 YA'ALTZEMEN",NULL,"2017-04-23 13:33:29","2017-04-23 13:33:29",NULL
CSSSA017866,"CARAVANA TIPO 2 LA FLORIDA",NULL,"2017-04-23 13:33:29","2017-04-23 13:33:29",NULL
CSSSA017883,"PROGRESO AGRARIO",NULL,"2017-04-23 13:33:29","2017-04-23 13:33:29",NULL
CSSSA017895,"AQUILES SERDÁN",NULL,"2017-04-23 13:33:29","2017-04-23 13:33:29",NULL
CSSSA017900,"CENTRO DE SALUD MUNICIPAL IXTAPANGAJOYA",NULL,"2017-04-23 13:33:29","2017-04-23 13:33:29",NULL
CSSSA017912,"CENTRO DE SALUD MUNICIPAL SOLOSUCHIAPA",NULL,"2017-04-23 13:33:29","2017-04-23 13:33:29",NULL
CSSSA017924,SITALÁ,NULL,"2017-04-23 13:33:29","2017-04-23 13:33:29",NULL
CSSSA017936,"NUEVO PARAÍSO",NULL,"2017-04-23 13:33:29","2017-04-23 13:33:29",NULL
CSSSA017941,"EL TEPEYAC",NULL,"2017-04-23 13:33:29","2017-04-23 13:33:29",NULL
CSSSA017953,"CARAVANA TIPO 2 SAN JOSÉ",NULL,"2017-04-23 13:33:29","2017-04-23 13:33:29",NULL
CSSSA017965,"CARAVANA TIPO 2 JOCOSIC",NULL,"2017-04-23 13:33:29","2017-04-23 13:33:29",NULL
CSSSA017970,"LAS LAURAS",NULL,"2017-04-23 13:33:29","2017-04-23 13:33:29",NULL
CSSSA017982,JIQUILPAN,NULL,"2017-04-23 13:33:29","2017-04-23 13:33:29",NULL
CSSSA017994,"SOLO DIOS",NULL,"2017-04-23 13:33:29","2017-04-23 13:33:29",NULL
CSSSA018006,MAZATÁN,NULL,"2017-04-23 13:33:29","2017-04-23 13:33:29",NULL
CSSSA018011,HIDALGO,NULL,"2017-04-23 13:33:29","2017-04-23 13:33:29",NULL
CSSSA018023,"SAN NICOLÁS LAGARTERO",NULL,"2017-04-23 13:33:29","2017-04-23 13:33:29",NULL
CSSSA018035,"PLAYA LINDA",NULL,"2017-04-23 13:33:29","2017-04-23 13:33:29",NULL
CSSSA018040,"NUEVO MILENIO",NULL,"2017-04-23 13:33:29","2017-04-23 13:33:29",NULL
CSSSA018064,"JET-JÁ 2",NULL,"2017-04-23 13:33:29","2017-04-23 13:33:29",NULL
CSSSA018076,"EL GUANAL",NULL,"2017-04-23 13:33:29","2017-04-23 13:33:29",NULL
CSSSA018081,"BENITO JUÁREZ MIRAMAR",NULL,"2017-04-23 13:33:29","2017-04-23 13:33:29",NULL
CSSSA018093,"NUEVO JUAN DEL GRIJALVA",NULL,"2017-04-23 13:33:29","2017-04-23 13:33:29",NULL
CSSSA018105,LOMANTÁN,NULL,"2017-04-23 13:33:29","2017-04-23 13:33:29",NULL
CSSSA018110,"SAN ARTURO LAS FLORES",NULL,"2017-04-23 13:33:29","2017-04-23 13:33:29",NULL
CSSSA018122,SABINALITO,NULL,"2017-04-23 13:33:29","2017-04-23 13:33:29",NULL
CSSSA018134,"CARAVANA TIPO 0 JUC'NIL",NULL,"2017-04-23 13:33:29","2017-04-23 13:33:29",NULL
CSSSA018146,"CARAVANA TIPO 0 SAN CARLOS CORRALITO",NULL,"2017-04-23 13:33:29","2017-04-23 13:33:29",NULL
CSSSA018151,"CARAVANA TIPO 0 SAN JOSÉ BUENAVISTA TERCERO",NULL,"2017-04-23 13:33:29","2017-04-23 13:33:29",NULL
CSSSA018163,"CARAVANA TIPO 1 CAMOAPA 1A. SECCIÓN",NULL,"2017-04-23 13:33:29","2017-04-23 13:33:29",NULL
CSSSA018175,"CARAVANA TIPO 1 JOTOLCHÉN",NULL,"2017-04-23 13:33:29","2017-04-23 13:33:29",NULL
CSSSA018180,"CARAVANA TIPO 0  FLOR DE CAFÉ",NULL,"2017-04-23 13:33:29","2017-04-23 13:33:29",NULL
CSSSA018192,"CARAVANA TIPO 0 POMILTIC",NULL,"2017-04-23 13:33:29","2017-04-23 13:33:29",NULL
CSSSA018204,"CARAVANA TIPO 0 SAN CARALAMPIO",NULL,"2017-04-23 13:33:29","2017-04-23 13:33:29",NULL
CSSSA018216,"CARAVANA TIPO 1 BUENAVISTA TENOJIB",NULL,"2017-04-23 13:33:29","2017-04-23 13:33:29",NULL
CSSSA018221,"CARAVANA TIPO 3 XANIL",NULL,"2017-04-23 13:33:29","2017-04-23 13:33:29",NULL
CSSSA018233,"CARAVANA TIPO 3 TEMÓ",NULL,"2017-04-23 13:33:29","2017-04-23 13:33:29",NULL
CSSSA018245,"CARAVANA TIPO 0 NUEVO PINO SUAREZ",NULL,"2017-04-23 13:33:29","2017-04-23 13:33:29",NULL
CSSSA018250,"CARAVANA TIPO 0 JOL CATARRAYA",NULL,"2017-04-23 13:33:29","2017-04-23 13:33:29",NULL
CSSSA018262,"CARAVANA TIPO 0 CHUTALILJÁ",NULL,"2017-04-23 13:33:29","2017-04-23 13:33:29",NULL
CSSSA018274,"CARAVANA TIPO 0 SANTO DOMINGO",NULL,"2017-04-23 13:33:29","2017-04-23 13:33:29",NULL
CSSSA018286,"CARAVANA TIPO 0 RIO NEGRO",NULL,"2017-04-23 13:33:29","2017-04-23 13:33:29",NULL
CSSSA018291,"CARAVANA TIPO 0 LOS MANGOS",NULL,"2017-04-23 13:33:29","2017-04-23 13:33:29",NULL
CSSSA018303,"CARAVANA TIPO 1 TIERRA BLANCA",NULL,"2017-04-23 13:33:29","2017-04-23 13:33:29",NULL
CSSSA018315,"CARAVANA TIPO 0 SANTA ANITA",NULL,"2017-04-23 13:33:29","2017-04-23 13:33:29",NULL
CSSSA018320,"CARAVANA TIPO 0 GUADALUPE MAZANIL",NULL,"2017-04-23 13:33:29","2017-04-23 13:33:29",NULL
CSSSA018332,"CARAVANA TIPO 0 CHABECLUMIL",NULL,"2017-04-23 13:33:29","2017-04-23 13:33:29",NULL
CSSSA018344,"CARAVANA TIPO 3 CENTRO JOLAKIL",NULL,"2017-04-23 13:33:29","2017-04-23 13:33:29",NULL
CSSSA018356,"CARAVANA TIPO 0 LA PALMA UNO",NULL,"2017-04-23 13:33:29","2017-04-23 13:33:29",NULL
CSSSA018361,"CARAVANA TIPO 0  JOL HICÂ´BATIL",NULL,"2017-04-23 13:33:29","2017-04-23 13:33:29",NULL
CSSSA018373,"CARAVANA TIPO 0 ADOLFO RUÍZ CORTÍNEZ",NULL,"2017-04-23 13:33:29","2017-04-23 13:33:29",NULL
CSSSA018385,"CARAVANA TIPO 0 POCOLTÓN",NULL,"2017-04-23 13:33:29","2017-04-23 13:33:29",NULL
CSSSA018390,"CARAVANA TIPO 1 MEONHO",NULL,"2017-04-23 13:33:29","2017-04-23 13:33:29",NULL
CSSSA018402,"CARAVANA TIPO 0 LOQU'IB-JÁ",NULL,"2017-04-23 13:33:29","2017-04-23 13:33:29",NULL
CSSSA018414,"LAS MARGARITAS",NULL,"2017-04-23 13:33:29","2017-04-23 13:33:29",NULL
CSSSA018426,VERACRUZ,NULL,"2017-04-23 13:33:29","2017-04-23 13:33:29",NULL
CSSSA018431,"CESSA SAN LUCAS",NULL,"2017-04-23 13:33:29","2017-04-23 13:33:29",NULL
CSSSA018443,"CENTRO DE SALUD MICROREGIONAL BELISARIO DOMÍNGUEZ",NULL,"2017-04-23 13:33:29","2017-04-23 13:33:29",NULL
CSSSA018455,"CAPASITS TUXTLA",NULL,"2017-04-23 13:33:29","2017-04-23 13:33:29",NULL
CSSSA018460,"CENTRO DE SALUD MICROREGIONAL YAXALA",NULL,"2017-04-23 13:33:29","2017-04-23 13:33:29",NULL
CSSSA018472,"CENTRO DE SALUD RURAL  SAN MARTÍIN",NULL,"2017-04-23 13:33:29","2017-04-23 13:33:29",NULL
CSSSA018484,"CENTRO DE SALUD MICROREGIONAL LA REFORMA",NULL,"2017-04-23 13:33:29","2017-04-23 13:33:29",NULL
CSSSA018496,"CENTRO DE SALUD MICROREGIONAL LOS QUINICHEZ",NULL,"2017-04-23 13:33:29","2017-04-23 13:33:29",NULL
CSSSA018501,"CENTRO DE SALUD MICROREGIONAL EL CARMEN",NULL,"2017-04-23 13:33:29","2017-04-23 13:33:29",NULL
CSSSA018513,"CENTRO DE SALUD MICROREGIONAL PATELNÁ",NULL,"2017-04-23 13:33:29","2017-04-23 13:33:29",NULL
CSSSA018525,"CENTRO DE SALUD MICROREGIONAL BOLONTÓN",NULL,"2017-04-23 13:33:29","2017-04-23 13:33:29",NULL
CSSSA018530,"CENTRO DE SALUD MICROREGIONAL CRUCERO CHICH",NULL,"2017-04-23 13:33:29","2017-04-23 13:33:29",NULL
CSSSA018542,"CENTRO DE SALUD MICROREGIONAL EL MANGO",NULL,"2017-04-23 13:33:29","2017-04-23 13:33:29",NULL
CSSSA018554,"CENTRO DE SALUD MICROREGIONAL GOLOLTÓN",NULL,"2017-04-23 13:33:29","2017-04-23 13:33:29",NULL
CSSSA018566,"CENTRO DE SALUD MICROREGIONAL YULUBMAX",NULL,"2017-04-23 13:33:29","2017-04-23 13:33:29",NULL
CSSSA018571,"CENTRO DE SALUD MICROREGIOAAL SAN GABRIEL",NULL,"2017-04-23 13:33:29","2017-04-23 13:33:29",NULL
CSSSA018583,"BELISARIO DOMÍNGUEZ",NULL,"2017-04-23 13:33:29","2017-04-23 13:33:29",NULL
CSSSA018595,"TAPACHULA (U.N.E.M.E. SORID)",NULL,"2017-04-23 13:33:29","2017-04-23 13:33:29",NULL
CSSSA018600,"TAPACHULA (U.N.E.M.E. CAPACITS)",NULL,"2017-04-23 13:33:29","2017-04-23 13:33:29",NULL
CSSSA018612,"TAPACHULA (U.N.E.M.E. CAPA I )",NULL,"2017-04-23 13:33:29","2017-04-23 13:33:29",NULL
CSSSA018624,"TAPACHULA (U.N.E.M.E. CAPA II )",NULL,"2017-04-23 13:33:29","2017-04-23 13:33:29",NULL
CSSSA018636,"TUXTLA (U.N.E.M.E. CAPA)",NULL,"2017-04-23 13:33:29","2017-04-23 13:33:29",NULL
CSSSA018641,"VILLA DEL MAR",NULL,"2017-04-23 13:33:29","2017-04-23 13:33:29",NULL
CSSSA018653,CACHIMBO,NULL,"2017-04-23 13:33:29","2017-04-23 13:33:29",NULL
CSSSA018665,"PUENTE MARGARITA",NULL,"2017-04-23 13:33:29","2017-04-23 13:33:29",NULL
CSSSA018670,"LA LAGUNA",NULL,"2017-04-23 13:33:29","2017-04-23 13:33:29",NULL
CSSSA018682,"LA POLKA",NULL,"2017-04-23 13:33:29","2017-04-23 13:33:29",NULL
CSSSA018694,"SAN CRISTÓBAL (U.N.E.M.E. ENFERMEDADES CRÓNICAS)",NULL,"2017-04-23 13:33:29","2017-04-23 13:33:29",NULL
CSSSA018706,"SAN CRISTÓBAL (U.N.E.M.E. CAPA NUEVA VIDA)",NULL,"2017-04-23 13:33:29","2017-04-23 13:33:29",NULL
CSSSA018711,"TUXTLA   (U.N.E.M.E. CRÓNICO DEGENERATIVOS)",NULL,"2017-04-23 13:33:29","2017-04-23 13:33:29",NULL
CSSSA018723,"LAS PALMERAS",NULL,"2017-04-23 13:33:29","2017-04-23 13:33:29",NULL
CSSSA018735,"TUXTLA   (U.N.E.M.E. CISAME)",NULL,"2017-04-23 13:33:29","2017-04-23 13:33:29",NULL
CSSSA018740,"H. B. C.  DR. RAFAEL ALFARO GONZÁLEZ PIJIJIAPAN",000116,"2017-04-23 13:33:29","2017-04-23 13:33:29",NULL
CSSSA018752,"H. B. C. DE TEOPISCA",000114,"2017-04-23 13:33:29","2017-04-23 13:33:29",NULL
CSSSA018764,"HOSPITAL DE LAS CULTURAS SAN CRISTOBAL DE LAS CASAS",000113,"2017-04-23 13:33:29","2017-04-23 13:33:29",NULL
CSSSA018776,"HOSPITAL DE LA MUJER COMITÁN",000110,"2017-04-23 13:33:29","2017-04-23 13:33:29",NULL
CSSSA018781,"H. B. C. DE FRONTERA COMALAPA",000133,"2017-04-23 13:33:29","2017-04-23 13:33:29",NULL
CSSSA018793,"H. B. C. DE CHALCHIHUITÁN",000141,"2017-04-23 13:33:29","2017-04-23 13:33:29",NULL
CSSSA018805,"CLÍNICA DE LA MUJER PONIENTE",NULL,"2017-04-23 13:33:29","2017-04-23 13:33:29",NULL
CSSSA018810,"BANCO DE SANGRE  DR. DOMINGO CHANONA RODRÍGUEZ",NULL,"2017-04-23 13:33:29","2017-04-23 13:33:29",NULL
CSSSA018822,"SAN JOSÉ ZAPOTAL",NULL,"2017-04-23 13:33:29","2017-04-23 13:33:29",NULL
CSSSA018834,"CENTRO DE SALUD MICROREGIONAL CHABAN",NULL,"2017-04-23 13:33:29","2017-04-23 13:33:29",NULL
CSSSA018846,"CENTRO DE SALUD MICROREGIONAL MUQUENAL",NULL,"2017-04-23 13:33:29","2017-04-23 13:33:29",NULL
CSSSA018851,"CENTRO DE SALUD MICROREGIONAL CARMEN XAQUILA",NULL,"2017-04-23 13:33:29","2017-04-23 13:33:29",NULL
CSSSA018863,"CENTRO DE SALUD MICROREGIONAL EL EDEN",NULL,"2017-04-23 13:33:29","2017-04-23 13:33:29",NULL
CSSSA018875,"HOSPITAL GENERAL BICENTENARIO VILLAFLORES",00012,"2017-04-23 13:33:29","2017-04-23 13:33:29",NULL
CSSSA018880,"CENTRO DE SALUD RURAL MACAYO 3A. SECCIÓN",NULL,"2017-04-23 13:33:29","2017-04-23 13:33:29",NULL
CSSSA018892,"CENTRO DE SALUD RURAL LAGUNA GRANDE",NULL,"2017-04-23 13:33:29","2017-04-23 13:33:29",NULL
CSSSA018904,"CENTRO DE SALUD RURAL VILLA LUZ",NULL,"2017-04-23 13:33:29","2017-04-23 13:33:29",NULL
CSSSA018916,"CENTRO DE SALUD RURAL NUEVA SABANILLA",NULL,"2017-04-23 13:33:29","2017-04-23 13:33:29",NULL
CSSSA018921,"LAS LIMAS",NULL,"2017-04-23 13:33:29","2017-04-23 13:33:29",NULL
CSSSA018933,MACVILHO,NULL,"2017-04-23 13:33:29","2017-04-23 13:33:29",NULL
CSSSA018945,ICO,NULL,"2017-04-23 13:33:29","2017-04-23 13:33:29",NULL
CSSSA018950,CHILIMJOVELTIC,NULL,"2017-04-23 13:33:29","2017-04-23 13:33:29",NULL
CSSSA018962,TZIMOL,NULL,"2017-04-23 13:33:29","2017-04-23 13:33:29",NULL
CSSSA018974,"COMITÁN (U.N.E.M.E. CAPA)",NULL,"2017-04-23 13:33:29","2017-04-23 13:33:29",NULL
CSSSA018986,"FRONTERA COMALAPA  (U.N.E.M.E. CAPA)",NULL,"2017-04-23 13:33:29","2017-04-23 13:33:29",NULL
CSSSA018991,"CARAVANA TIPO 0 TZABALHÓ",NULL,"2017-04-23 13:33:29","2017-04-23 13:33:29",NULL
CSSSA019003,"CARAVANA TIPO 0 LA PROVIDENCIA",NULL,"2017-04-23 13:33:29","2017-04-23 13:33:29",NULL
CSSSA019015,"CARAVANA TIPO 0 JOCOSIC",NULL,"2017-04-23 13:33:29","2017-04-23 13:33:29",NULL
CSSSA019020,"CARAVANA TIPO 0 EL DURAZNAL SANTA FE",NULL,"2017-04-23 13:33:29","2017-04-23 13:33:29",NULL
CSSSA019032,"CARAVANA TIPO 0 BAWITZ TUTZILTIK",NULL,"2017-04-23 13:33:29","2017-04-23 13:33:29",NULL
CSSSA019044,"CARAVANA TIPO 0 SEGUNDO TZAJALCHÉN",NULL,"2017-04-23 13:33:29","2017-04-23 13:33:29",NULL
CSSSA019056,"CARAVANA TIPO 0 PARAÍSO CHICOTÁNIL",NULL,"2017-04-23 13:33:29","2017-04-23 13:33:29",NULL
CSSSA019061,"CARAVANA TIPO 0 YOCHIBJÁ",NULL,"2017-04-23 13:33:29","2017-04-23 13:33:29",NULL
CSSSA019073,"CARAVANA TIPO 0 UJCAYIL",NULL,"2017-04-23 13:33:29","2017-04-23 13:33:29",NULL
CSSSA019085,"CLÍNICA DE LA MUJER CINTALAPA",NULL,"2017-04-23 13:33:29","2017-04-23 13:33:29",NULL
CSSSA019090,"CLÍNICA DE LA MUJER SAN CRISTÓBAL DE LAS CASAS",NULL,"2017-04-23 13:33:29","2017-04-23 13:33:29",NULL
CSSSA019102,"CLÍNICA DE LA MUJER PICHUCALCO",NULL,"2017-04-23 13:33:29","2017-04-23 13:33:29",NULL
CSSSA019114,"CLÍNICA DE LA MUJER PALENQUE",NULL,"2017-04-23 13:33:29","2017-04-23 13:33:29",NULL
CSSSA019126,"CLÍNICA DE LA MUJER TONALÁ",NULL,"2017-04-23 13:33:29","2017-04-23 13:33:29",NULL
CSSSA019131,"CENTRO DE SALUD MICROREGIONAL CERRO JAQUIMA",NULL,"2017-04-23 13:33:29","2017-04-23 13:33:29",NULL
CSSSA019143,"CENTRO DE SALUD MICROREGIONAL SAN MIGUEL LA SARDINA",NULL,"2017-04-23 13:33:29","2017-04-23 13:33:29",NULL
CSSSA019155,"CENTRO DE SALUD MICROREGIONAL SAN JOSÉ PLAN OCOTAL",NULL,"2017-04-23 13:33:29","2017-04-23 13:33:29",NULL
CSSSA019160,"TONALÁ (UNEME CAPA)",NULL,"2017-04-23 13:33:29","2017-04-23 13:33:29",NULL
CSSSA019172,"PALENQUE (UNEME CAPA)",NULL,"2017-04-23 13:33:29","2017-04-23 13:33:29",NULL
CSSSA019184,"CENTRO DE SALUD MICROREGIONAL LA LIBERTAD",NULL,"2017-04-23 13:33:29","2017-04-23 13:33:29",NULL
CSSSA019196,"CENTRO DE SALUD MICROREGIONAL PASHTONTICJA",NULL,"2017-04-23 13:33:29","2017-04-23 13:33:29",NULL
CSSSA019201,"CENTRO DE SALUD MICROREGIONAL YUT BASH UNO",NULL,"2017-04-23 13:33:29","2017-04-23 13:33:29",NULL
CSSSA019213,"CENTRO DE SALUD MICROREGIONAL CHIMTIC",NULL,"2017-04-23 13:33:29","2017-04-23 13:33:29",NULL
CSSSA019225,"CENTRO DE SALUD MICROREGIONAL CHIXILTÓN",NULL,"2017-04-23 13:33:29","2017-04-23 13:33:29",NULL
CSSSA019230,"CENTRO DE SALUD MICROREGIONAL NUEVA MORELIA",NULL,"2017-04-23 13:33:29","2017-04-23 13:33:29",NULL
CSSSA019242,"H. B. C. DE OSTUACÁN",000138,"2017-04-23 13:33:29","2017-04-23 13:33:29",NULL
CSSSA019254,"CENTRO DE SALUD MICROREGIONAL YASHNAIL",NULL,"2017-04-23 13:33:29","2017-04-23 13:33:29",NULL
CSSSA019266,"CENTRO DE SALUD MICROREGIONAL BAPUZ",NULL,"2017-04-23 13:33:29","2017-04-23 13:33:29",NULL
CSSSA019271,"CENTRO DE SALUD MICROREGIONAL TZULUWITZ",NULL,"2017-04-23 13:33:29","2017-04-23 13:33:29",NULL
CSSSA019283,"CENTRO DE SALUD MICROREGIONAL CHILOLJA",NULL,"2017-04-23 13:33:29","2017-04-23 13:33:29",NULL
CSSSA019300,"CENTRO DE SALUD MICROREGIONAL SAN ANDRES PUERTO RICO",NULL,"2017-04-23 13:33:29","2017-04-23 13:33:29",NULL
CSSSA019312,"CENTRO DE SALUD MICROREGIONAL SANTA ROSA",NULL,"2017-04-23 13:33:29","2017-04-23 13:33:29",NULL
CSSSA019324,"CENTRO DE SALUD MICROREGIONAL YIBELJOJ",NULL,"2017-04-23 13:33:29","2017-04-23 13:33:29",NULL
CSSSA019336,"CENTRO DE SALUD MICROREGIONAL CAÑADA GRANDE",NULL,"2017-04-23 13:33:29","2017-04-23 13:33:29",NULL
CSSSA019341,"CENTRO DE SALUD MICROREGIONAL MAJOMUT",NULL,"2017-04-23 13:33:29","2017-04-23 13:33:29",NULL
CSSSA019353,"CENTRO DE SALUD SIBERIA",NULL,"2017-04-23 13:33:29","2017-04-23 13:33:29",NULL
CSSSA019365,"CENTRO DE SALUD MICROREGIONAL CHULNA",NULL,"2017-04-23 13:33:29","2017-04-23 13:33:29",NULL
CSSSA019370,"CENTRO DE SALUD MICROREGIONAL TZOPILJA",NULL,"2017-04-23 13:33:29","2017-04-23 13:33:29",NULL
CSSSA019382,"CENTRO DE SALUD MICROREGIONAL TZAJALCHÉN",NULL,"2017-04-23 13:33:29","2017-04-23 13:33:29",NULL
CSSSA019394,"CENTRO DE SALUD MICROREGIONAL CATISHTIC",NULL,"2017-04-23 13:33:29","2017-04-23 13:33:29",NULL
CSSSA019406,"CENTRO DE SALUD MICROREGIONAL JOLBON",NULL,"2017-04-23 13:33:29","2017-04-23 13:33:29",NULL
CSSSA019411,"CENTRO DE SALUD MICROREGIONAL LAS MINAS",NULL,"2017-04-23 13:33:29","2017-04-23 13:33:29",NULL
CSSSA019423,"CENTRO DE SALUD MICROREGIONAL PAJALTÓN ALTO",NULL,"2017-04-23 13:33:29","2017-04-23 13:33:29",NULL
CSSSA019435,"CENTRO DE SALUD MICROREGIONAL PINAR SALINAS",NULL,"2017-04-23 13:33:29","2017-04-23 13:33:29",NULL
CSSSA019440,"CENTRO DE SALUD MICROREGIONAL SAN JOAQUIN",NULL,"2017-04-23 13:33:29","2017-04-23 13:33:29",NULL
CSSSA019452,"CENTRO DE SALUD MICROREGIONAL TOLBILJA",NULL,"2017-04-23 13:33:29","2017-04-23 13:33:29",NULL
CSSSA019464,"CENTRO DE SALUD MICROREGIONAL  ZANEMBOLOM",NULL,"2017-04-23 13:33:29","2017-04-23 13:33:29",NULL
CSSSA019481,"H. B. C. DE SAN JUAN CHAMULA",000129,"2017-04-23 13:33:29","2017-04-23 13:33:29",NULL
CSSSA019493,"SANTIAGO EL PINAR",NULL,"2017-04-23 13:33:29","2017-04-23 13:33:29",NULL
CSSSA019505,"CLÍNICA DE LA MUJER TAPACHULA",NULL,"2017-04-23 13:33:29","2017-04-23 13:33:29",NULL
CSSSA019510,"PALENQUE (U.N.E.M.E. CIRUGÍA AMBULATORIA)",NULL,"2017-04-23 13:33:29","2017-04-23 13:33:29",NULL
CSSSA019522,ALDAMA,NULL,"2017-04-23 13:33:29","2017-04-23 13:33:29",NULL
CSSSA019534,"TUXTLA (U.N.E.M.E. CIRUGÍA AMBULATORIA Y TORRE DE DIAGNÓSTICO)",NULL,"2017-04-23 13:33:29","2017-04-23 13:33:29",NULL
CSSSA019546,"CLÍNICA DE LA MUJER COMITÁN",NULL,"2017-04-23 13:33:29","2017-04-23 13:33:29",NULL
CSSSA019551,"CLÍNICA DE LA MUJER VILLAFLORES",NULL,"2017-04-23 13:33:29","2017-04-23 13:33:29",NULL
CSSSA019563,"CENTRO DE SALUD MICROREGIONAL LLANOS DE MORELOS 2A. SECCIÓN",NULL,"2017-04-23 13:33:29","2017-04-23 13:33:29",NULL
CSSSA019575,"CENTRO DE SALUD MICROREGIONAL NUEVO SAN ANTONIO",NULL,"2017-04-23 13:33:29","2017-04-23 13:33:29",NULL
CSSSA019580,"CENTRO DE SALUD MICROREGIONAL PEÑITAS EL MICO",NULL,"2017-04-23 13:33:29","2017-04-23 13:33:29",NULL
CSSSA019592,"CENTRO DE SALUD MICROREGIONAL RIVERA GALEANA",NULL,"2017-04-23 13:33:29","2017-04-23 13:33:29",NULL
CSSSA019604,"CENTRO DE SALUD MICROREGIONAL SAN LORENZO",NULL,"2017-04-23 13:33:29","2017-04-23 13:33:29",NULL
CSSSA019616,"CENTRO DE SALUD MICROREGIONAL FRANCISCO I. MADERO",NULL,"2017-04-23 13:33:29","2017-04-23 13:33:29",NULL
CSSSA019621,"CENTRO DE SALUD MICROREGIONAL LA ESPERANZA",NULL,"2017-04-23 13:33:29","2017-04-23 13:33:29",NULL
CSSSA019633,"CENTRO DE SALUD MICROREGIONAL RIVERA EL VIEJO CARMEN",NULL,"2017-04-23 13:33:29","2017-04-23 13:33:29",NULL
CSSSA019645,"H. B. C. DE OCOSINGO",00014,"2017-04-23 13:33:29","2017-04-23 13:33:29",NULL
CSSSA019662,"CARAVANA DIGNIFICADA  ATOTONILCO",NULL,"2017-04-23 13:33:29","2017-04-23 13:33:29",NULL
CSSSA019686,"CENTRO DE SALUD MICROREGIONAL SANTO DOMINGO LAS PALMAS",NULL,"2017-04-23 13:33:29","2017-04-23 13:33:29",NULL
CSSSA019691,"CENTRO DE SALUD MICROREGIONAL TACUBA NUEVA",NULL,"2017-04-23 13:33:29","2017-04-23 13:33:29",NULL
CSSSA019715,"CENTRO DE SALUD MICROREGIONAL CACATEEL",NULL,"2017-04-23 13:33:29","2017-04-23 13:33:29",NULL
CSSSA019720,"CENTRO DE SALUD MICROREGIONAL SULUPHUITZ",NULL,"2017-04-23 13:33:29","2017-04-23 13:33:29",NULL
CSSSA019732,"CENTRO DE SALUD MICROREGIONAL TZASIBILTIC",NULL,"2017-04-23 13:33:29","2017-04-23 13:33:29",NULL
CSSSA019744,"CENTRO DE SALUD MICROREGIONAL FILADELFIA",NULL,"2017-04-23 13:33:29","2017-04-23 13:33:29",NULL
CSSSA019756,"CENTRO DE SALUD MICROREGIONAL XAXAJATIC",NULL,"2017-04-23 13:33:29","2017-04-23 13:33:29",NULL
CSSSA019761,"CENTRO DE SALUD MICROREGIONAL SAN ANTONIO LAS PALOMAS",NULL,"2017-04-23 13:33:29","2017-04-23 13:33:29",NULL
CSSSA019773,"CENTRO DE SALUD MICROREGIONAL CAMPO BOLONTINÁ",NULL,"2017-04-23 13:33:29","2017-04-23 13:33:29",NULL
CSSSA019785,"CENTRO DE SALUD MICROREGIONAL MAPIL",NULL,"2017-04-23 13:33:29","2017-04-23 13:33:29",NULL
CSSSA019790,"CENTRO DE SALUD MICROREGIONAL RAMOSIL (TZAJALNABIL)",NULL,"2017-04-23 13:33:29","2017-04-23 13:33:29",NULL
CSSSA019826,"CENTRO DE SALUD MICROREGIONAL LA UNIÓN",NULL,"2017-04-23 13:33:29","2017-04-23 13:33:29",NULL
CSSSA019831,"CENTRO DE SALUD MICROREGIONAL ARROYO AGUA AZUL (MIRAFLORES)",NULL,"2017-04-23 13:33:29","2017-04-23 13:33:29",NULL
CSSSA019843,"CENTRO DE SALUD MICROREGIONAL CHUCHUCLUMIL",NULL,"2017-04-23 13:33:29","2017-04-23 13:33:29",NULL
CSSSA019855,"CENTRO DE SALUD MICROREGIONAL EL PROGRESO",NULL,"2017-04-23 13:33:29","2017-04-23 13:33:29",NULL
CSSSA019860,"CENTRO DE SALUD MICROREGIONAL TIENTIUL GRANDE 2A. SECCIÓN (AGUA POTABLE)",NULL,"2017-04-23 13:33:29","2017-04-23 13:33:29",NULL
CSSSA019872,"CENTRO DE SALUD MICROREGIONAL CUCTIEPA",NULL,"2017-04-23 13:33:29","2017-04-23 13:33:29",NULL
CSSSA019884,"CENTRO DE SALUD MICROREGIONAL ARROYO AGUA AZUL",NULL,"2017-04-23 13:33:29","2017-04-23 13:33:29",NULL
CSSSA019896,"CENTRO DE SALUD MICROREGIONAL AMÉRICA LIBRE",NULL,"2017-04-23 13:33:29","2017-04-23 13:33:29",NULL
CSSSA019901,"CENTRO DE SALUD MICROREGIONAL  LIC. ADOLFO LÓPEZ MATEOS",NULL,"2017-04-23 13:33:29","2017-04-23 13:33:29",NULL
CSSSA019913,"CENTRO DE SALUD MICROREGIONAL EMILIANO ZAPATA",NULL,"2017-04-23 13:33:29","2017-04-23 13:33:29",NULL
CSSSA019925,"CENTRO DE SALUD MICROREGIONAL EL IXCÁN",NULL,"2017-04-23 13:33:29","2017-04-23 13:33:29",NULL
CSSSA019930,"CENTRO DE SALUD MICROREGIONAL LAS MARAVILLAS",NULL,"2017-04-23 13:33:29","2017-04-23 13:33:29",NULL
CSSSA019942,"CENTRO DE SALUD MICROREGIONAL  EL RETIRO",NULL,"2017-04-23 13:33:29","2017-04-23 13:33:29",NULL
CSSSA019954,"HOSPITAL CHIAPAS NOS UNE DR. JESUS GILBERTO GOMEZ MAZA",000136,"2017-04-23 13:33:29","2017-04-23 13:33:29",NULL
CSSSA019966,"CENTRO DE SALUD MICROREGIONAL REVOLUCIÓN FIU",NULL,"2017-04-23 13:33:29","2017-04-23 13:33:29",NULL
CSSSA019971,"CENTRO DE SALUD MICROREGIONAL TZUNUNIL",NULL,"2017-04-23 13:33:29","2017-04-23 13:33:29",NULL
CSSSA019983,"ZAMORA PICO DE ORO",NULL,"2017-04-23 13:33:29","2017-04-23 13:33:29",NULL
CSSSA019995,"EL MIRADOR",NULL,"2017-04-23 13:33:29","2017-04-23 13:33:29",NULL
CSSSA020000,"OJO DE AGUA",NULL,"2017-04-23 13:33:29","2017-04-23 13:33:29",NULL
CSSSA020012,"SAN ANTONIO COPALAR",NULL,"2017-04-23 13:33:29","2017-04-23 13:33:29",NULL
CSSSA020024,"AGUA DE PAJARITO",NULL,"2017-04-23 13:33:29","2017-04-23 13:33:29",NULL
CSSSA020036,"CLÍNICA DE LA MUJER FRONTERA COMALAPA",NULL,"2017-04-23 13:33:29","2017-04-23 13:33:29",NULL
CSSSA020041,"CENTRO DE SALUD MICROREGIONAL PANTEPEC",NULL,"2017-04-23 13:33:29","2017-04-23 13:33:29",NULL
CSSSA020053,"CLÍNICA DE LA MUJER PIJIJIAPAN",NULL,"2017-04-23 13:33:29","2017-04-23 13:33:29",NULL
CSSSA020065,"CENTRO DE SALUD MICROREGIONAL JOLJÁ",NULL,"2017-04-23 13:33:29","2017-04-23 13:33:29",NULL
CSSSA020082,"CENTRO DE SALUD MICROREGIONAL YIBELJOJ",NULL,"2017-04-23 13:33:29","2017-04-23 13:33:29",NULL
CSSSA020094,"CENTRO DE SALUD MICROREGIONAL CRUSILJÁ",NULL,"2017-04-23 13:33:29","2017-04-23 13:33:29",NULL
CSSSA020106,"CENTRO DE SALUD MICROREGIONAL RAMOS CUBILETE",NULL,"2017-04-23 13:33:29","2017-04-23 13:33:29",NULL
CSSSA020111,"CENTRO DE SALUD MICROREGIONAL SAN ISIDRO LAS BANDERAS",NULL,"2017-04-23 13:33:29","2017-04-23 13:33:29",NULL
CSSSA020123,"CENTRO DE SALUD MICROREGIONAL JOLXIC",NULL,"2017-04-23 13:33:29","2017-04-23 13:33:29",NULL
CSSSA020135,"CARAVANA TIPO 0 TZAJALÁ JERICÓ",NULL,"2017-04-23 13:33:29","2017-04-23 13:33:29",NULL
CSSSA020140,"CARAVANA TIPO 0 EL OCOTAL",NULL,"2017-04-23 13:33:29","2017-04-23 13:33:29",NULL
CSSSA020152,"CENTRO DE SALUD MIGUEL ALDAMA",NULL,"2017-04-23 13:33:29","2017-04-23 13:33:29",NULL
CSSSA020164,"SAN PEDRO EL PUY",NULL,"2017-04-23 13:33:29","2017-04-23 13:33:29",NULL
CSSSA020176,"LA GLORIA (LA TRANCA)",NULL,"2017-04-23 13:33:29","2017-04-23 13:33:29",NULL
CSSSA020193,IXHUATÁN,NULL,"2017-04-23 13:33:29","2017-04-23 13:33:29",NULL
CSSSA020205,"CENTRO DE SALUD MICROREGIONAL MUCTAHUITZ",NULL,"2017-04-23 13:33:29","2017-04-23 13:33:29",NULL
CSSSAHGREFO,"HOSPITAL GENERAL REFORMA",000151,"2017-04-23 13:33:29","2017-04-23 13:33:29",NULL
JURISMOTO10,"ALMACÉN JURISDICCIONAL (MOTOZINTLA)",000123,"2017-04-23 13:33:29","2017-04-23 13:33:29",NULL
